iteration,latency_ms
1,49.179600000570645
2,14.409899999918707
3,17.710299999635026
4,15.251000000716886
5,16.522599999916565
6,14.146200000141107
7,14.048200000615907
8,14.773399999285175
9,13.843500000803033
10,14.580300000488933
11,16.75280000017665
12,14.49030000003404
13,14.807399999881454
14,23.333300000558665
15,14.557199999217119
16,15.892700000222248
17,14.358700000229874
18,14.593500000046333
19,14.693099999931292
20,14.11530000041239
21,14.250000000174623
22,17.567699999744946
23,15.075000000251748
24,16.24880000053963
25,14.085400000112713
26,14.463100000284612
27,18.806099999892467
28,15.982199999598379
29,13.911000000007334
30,15.392500000416476
31,14.118000000053144
32,14.741899999535235
33,15.400299999782874
34,14.165700000376091
35,16.90399999915826
36,14.938700000129757
37,14.286499999798252
38,15.825100000256498
39,16.298300000016752
40,14.095800000177405
41,14.71300000048359
42,14.202499999555585
43,15.102000000297267
44,17.57590000033815
45,13.870099999621743
46,17.13830000062444
47,14.610700000048382
48,15.96109999991313
49,20.72749999933876
50,19.333600000209117
51,16.313399999489775
52,15.428400000018883
53,14.664700000139419
54,19.535400000677328
55,16.530500000044412
56,22.77669999966747
57,18.77180000064982
58,19.609099999797763
59,16.22589999988122
60,19.344199999977718
61,16.463500000099884
62,19.041999999899417
63,17.76620000055118
64,14.921800000593066
65,18.04919999995036
66,16.288599999825237
67,16.310999999404885
68,14.717300000484101
69,14.239000000088708
70,14.638300000115123
71,14.243999999962398
72,13.798400000268884
73,16.450600000098348
74,14.14199999999255
75,14.871800000037183
76,17.13389999986248
77,14.683299999887822
78,13.717599999836239
79,17.458600000281876
80,15.396299999338225
81,14.431200000217359
82,14.783899999201822
83,14.214799999535899
84,16.726800000469666
85,14.13959999990766
86,14.2918000001373
87,17.167500000141445
88,14.318399999865505
89,14.508899999782443
90,15.98199999989447
91,14.313900000161084
92,14.889099999891187
93,14.89309999942634
94,14.057899999897927
95,16.12810000005993
96,14.491999999336258
97,13.86350000029779
98,22.289900000032503
99,14.961000000766944
100,16.035999999985506
