epoch,train_loss,train_pixel_iou,learning_rate,samples,epoch_seconds
1,0.3342284651455616,0.7657643424412126,0.001,743,1.6091308000000026
2,0.16991395418047103,0.8927008791222829,0.001,743,1.2656801000002815
3,0.1259201497220576,0.9248298867065482,0.001,743,1.2317708999999013
4,0.1002860932058152,0.9329721010071764,0.001,743,1.2459178999997675
5,0.07759375890283213,0.9418369229147635,0.001,743,1.2443561000000045
6,0.06416198626301009,0.9510720084649432,0.001,743,1.2188900999999532
7,0.05574946655499502,0.9572800117424924,0.001,743,1.2046333999996932
8,0.0481132115782671,0.9638780487532386,0.001,743,1.3736382000001868
9,0.04517539834270246,0.9662947627573859,0.001,743,1.3641380000003664
10,0.041593575481611175,0.9693202467750982,0.001,743,1.3861348000000362
11,0.03967204610760729,0.9708884497046736,0.001,743,1.2883062000000791
12,0.037130134323082896,0.9727669016744304,0.001,743,1.2850601999998617
13,0.03688860868140153,0.9727974759547813,0.001,743,1.2665867000000617
14,0.03444622775908274,0.9746771328814582,0.001,743,1.2445337999997719
15,0.03319369239950726,0.9756126950021565,0.001,743,1.2491334000001189
16,0.032423764682834914,0.9762806083016181,0.001,743,1.2239397999996982
17,0.03200605573335695,0.9766444420648026,0.001,743,1.1940614000000096
18,0.03145810970246872,0.9767675663369215,0.001,743,1.1877771999998004
19,0.0300369365930477,0.9779445269041808,0.001,743,1.2721713999999338
20,0.029716133923441534,0.9782372278666369,0.001,743,1.2421226999999817
21,0.029588669744065762,0.9782781863436452,0.001,743,1.2189068000002408
22,0.029187925841814736,0.9787630452838365,0.001,743,1.2439888999997493
23,0.0278879880584265,0.9797253660431213,0.001,743,1.2494910999998865
24,0.02806877100672247,0.9795221611808458,0.001,743,1.2232710000002953
25,0.02710679424914104,0.9803127594327635,0.001,743,1.2890613999998095
26,0.027288618884870375,0.9798586616338734,0.001,743,1.2197607999996762
27,0.026975777927751014,0.9801458844896641,0.001,743,1.2071197000000211
28,0.026407024084839813,0.9806370566518602,0.001,743,1.2484543000000485
29,0.029998169928628696,0.9786129144008784,0.001,743,1.2502885999997488
30,0.026808322789611278,0.9805098416657629,0.001,743,1.192713299999923
