basename,image_path,prediction_path,prediction_sha256
frame_0803_f20826.jpg,data/images/test/frame_0803_f20826.jpg,result/f10-20261004-132719-s6610110190-w64h36-b4-e30/masks/frame_0803_f20826.png,facfcb6a47621f357a5b633db1bfe5950c09d2e714ba976532e60115754325d8
frame_0804_f20851.jpg,data/images/test/frame_0804_f20851.jpg,result/f10-20261004-132719-s6610110190-w64h36-b4-e30/masks/frame_0804_f20851.png,eb34d3479e5eca3ddb2b338447c5ffc055a3a1830b24869cebde35051928dc4f
frame_0805_f20877.jpg,data/images/test/frame_0805_f20877.jpg,result/f10-20261004-132719-s6610110190-w64h36-b4-e30/masks/frame_0805_f20877.png,4956bed44e0294a7dbb9f0736c838d2158d982afe71a00ca8434aa12e15677c4
frame_0806_f20903.jpg,data/images/test/frame_0806_f20903.jpg,result/f10-20261004-132719-s6610110190-w64h36-b4-e30/masks/frame_0806_f20903.png,68c451d24fc56f6844320c004225dcd65f737a9f14a7efac576dcd7ce02ee870
frame_0807_f20929.jpg,data/images/test/frame_0807_f20929.jpg,result/f10-20261004-132719-s6610110190-w64h36-b4-e30/masks/frame_0807_f20929.png,26c17b6cb013da537407774d6a09fe30a93ef9976f526db9e00ec289b3bc5b95
frame_0808_f20955.jpg,data/images/test/frame_0808_f20955.jpg,result/f10-20261004-132719-s6610110190-w64h36-b4-e30/masks/frame_0808_f20955.png,95ea996b2715a38d34e7e9bc2c14aaf00896c6a9a83bad730e61ea6cd4b6dd1d
frame_0809_f20981.jpg,data/images/test/frame_0809_f20981.jpg,result/f10-20261004-132719-s6610110190-w64h36-b4-e30/masks/frame_0809_f20981.png,00b7efda68da25607ede467135890105b3f4fb4e26ed02ab3a69149b331e0a0a
frame_0810_f21007.jpg,data/images/test/frame_0810_f21007.jpg,result/f10-20261004-132719-s6610110190-w64h36-b4-e30/masks/frame_0810_f21007.png,30e4673c89fcc1193a821efe5a9efd49684ef93939acdbb768797a6a2592c294
frame_0811_f21033.jpg,data/images/test/frame_0811_f21033.jpg,result/f10-20261004-132719-s6610110190-w64h36-b4-e30/masks/frame_0811_f21033.png,ba044fc9b5c7a20b435615d1e32cdd278dfa9ee30c9980015e5b2fe6490addc1
frame_0812_f21059.jpg,data/images/test/frame_0812_f21059.jpg,result/f10-20261004-132719-s6610110190-w64h36-b4-e30/masks/frame_0812_f21059.png,54ef8a173b7b7a1f87c71e209bb72766e1b297536d2273cd54eb0ee53269564f
frame_0813_f21085.jpg,data/images/test/frame_0813_f21085.jpg,result/f10-20261004-132719-s6610110190-w64h36-b4-e30/masks/frame_0813_f21085.png,d010b1a0c4a0a70b94823df94fecb65f613044d0d897d340c9a748c8fb170741
frame_0814_f21111.jpg,data/images/test/frame_0814_f21111.jpg,result/f10-20261004-132719-s6610110190-w64h36-b4-e30/masks/frame_0814_f21111.png,e52b4d00796d08c32af71be3aaaf10e363c7b13c3373c65a89bae18f834242af
frame_0815_f21137.jpg,data/images/test/frame_0815_f21137.jpg,result/f10-20261004-132719-s6610110190-w64h36-b4-e30/masks/frame_0815_f21137.png,fdf2139a8c6a9ae7e5ee5cddaa5bf17931ca58a08bad303597566fb3688e2003
frame_0816_f21163.jpg,data/images/test/frame_0816_f21163.jpg,result/f10-20261004-132719-s6610110190-w64h36-b4-e30/masks/frame_0816_f21163.png,393b49a5349526401000dbb50237e1e7fa4c47f57d9831d0d817573b9d5aed5a
frame_0817_f21189.jpg,data/images/test/frame_0817_f21189.jpg,result/f10-20261004-132719-s6610110190-w64h36-b4-e30/masks/frame_0817_f21189.png,e52c2e89e25c4f2b984dfcc97a7c9340342bc8d73442c10dd8b913df404f4ef0
frame_0818_f21215.jpg,data/images/test/frame_0818_f21215.jpg,result/f10-20261004-132719-s6610110190-w64h36-b4-e30/masks/frame_0818_f21215.png,fbeff7bf3a8d337b120050b1ecebdeb6691fe66b0b66f4ec71fc5d6a334918a8
frame_0819_f21240.jpg,data/images/test/frame_0819_f21240.jpg,result/f10-20261004-132719-s6610110190-w64h36-b4-e30/masks/frame_0819_f21240.png,26ca6a5d62b9ca65072a1f0d8c8573706cea8b2628f29b9f38e23b6936788af3
frame_0820_f21266.jpg,data/images/test/frame_0820_f21266.jpg,result/f10-20261004-132719-s6610110190-w64h36-b4-e30/masks/frame_0820_f21266.png,125c83318288188376bf200b8b71f4943851922ff6207b19e1c0c3d5735f46bc
frame_0821_f21292.jpg,data/images/test/frame_0821_f21292.jpg,result/f10-20261004-132719-s6610110190-w64h36-b4-e30/masks/frame_0821_f21292.png,5f1bf6c60efab04d3a8af89a26d2b814735fdc1c988cf746636dc53bf328aabe
frame_0822_f21318.jpg,data/images/test/frame_0822_f21318.jpg,result/f10-20261004-132719-s6610110190-w64h36-b4-e30/masks/frame_0822_f21318.png,3a02871dd945a19d90e9188e438e615a6568affae81868c59c7345625e192858
frame_0823_f21344.jpg,data/images/test/frame_0823_f21344.jpg,result/f10-20261004-132719-s6610110190-w64h36-b4-e30/masks/frame_0823_f21344.png,d34cb65b3a014df91629e47f7e5cdd7f3a5806be1675a0eb3ecd6894f3ed7e78
frame_0824_f21370.jpg,data/images/test/frame_0824_f21370.jpg,result/f10-20261004-132719-s6610110190-w64h36-b4-e30/masks/frame_0824_f21370.png,af2f33248b08ec5b4f23ae5bc36bf409b4c003dcd9ccd0f7efaf41e1184decee
frame_0825_f21396.jpg,data/images/test/frame_0825_f21396.jpg,result/f10-20261004-132719-s6610110190-w64h36-b4-e30/masks/frame_0825_f21396.png,df97a11f6597b29a2254309adbd9d0db7585a7fa65e95811df116f2262d20605
frame_0826_f21422.jpg,data/images/test/frame_0826_f21422.jpg,result/f10-20261004-132719-s6610110190-w64h36-b4-e30/masks/frame_0826_f21422.png,fafeba6e871caecb6186004c11844716d8e2c69c79a8daefe301f5a4a941879e
frame_0827_f21448.jpg,data/images/test/frame_0827_f21448.jpg,result/f10-20261004-132719-s6610110190-w64h36-b4-e30/masks/frame_0827_f21448.png,f287aafeeeffd395bd95f8030b22499578f57e1ab0ab2ca535313b1d0f306f2a
frame_0828_f21474.jpg,data/images/test/frame_0828_f21474.jpg,result/f10-20261004-132719-s6610110190-w64h36-b4-e30/masks/frame_0828_f21474.png,14eaab533d00d90437aa6dc39b955a96a6c9f5ef6f7733008e8785d892795754
frame_0829_f21500.jpg,data/images/test/frame_0829_f21500.jpg,result/f10-20261004-132719-s6610110190-w64h36-b4-e30/masks/frame_0829_f21500.png,2ceb01dd5333db67779aa78972cd848b983036534057f5c4c03b97e3d5e4d00f
frame_0830_f21526.jpg,data/images/test/frame_0830_f21526.jpg,result/f10-20261004-132719-s6610110190-w64h36-b4-e30/masks/frame_0830_f21526.png,6a08c4f4a5d9835aa18b62832e90e0738f52744212b2de69eebe9397cbab6496
frame_0831_f21552.jpg,data/images/test/frame_0831_f21552.jpg,result/f10-20261004-132719-s6610110190-w64h36-b4-e30/masks/frame_0831_f21552.png,eecd81a4aecee2a8af55314c3cd2d33cc857087be7a3a2f30b66dc3f06be51a5
frame_0832_f21578.jpg,data/images/test/frame_0832_f21578.jpg,result/f10-20261004-132719-s6610110190-w64h36-b4-e30/masks/frame_0832_f21578.png,b6b6c0a5fb654724fb686d1513e0dfa57b7b1c3482ab65848bbb2e7f91094b33
frame_0833_f21604.jpg,data/images/test/frame_0833_f21604.jpg,result/f10-20261004-132719-s6610110190-w64h36-b4-e30/masks/frame_0833_f21604.png,fddd21d321b2f9e2927b86385f53df2f64adacb9d452c2c9414f480480b74d7d
frame_0834_f21629.jpg,data/images/test/frame_0834_f21629.jpg,result/f10-20261004-132719-s6610110190-w64h36-b4-e30/masks/frame_0834_f21629.png,e83748997fefd3e50ecd179fa25b5cc8a5fa934f90a9951695b63eab13600515
frame_0835_f21655.jpg,data/images/test/frame_0835_f21655.jpg,result/f10-20261004-132719-s6610110190-w64h36-b4-e30/masks/frame_0835_f21655.png,54b264f264286853452e72dd26de0d1789f3fa54f48d1a0a0cc7cdcffb9d82b6
frame_0836_f21681.jpg,data/images/test/frame_0836_f21681.jpg,result/f10-20261004-132719-s6610110190-w64h36-b4-e30/masks/frame_0836_f21681.png,34525ddd2e4bd399fb56dd01dfd9f48b458aafeabe46b895f572690ff88494a2
frame_0837_f21707.jpg,data/images/test/frame_0837_f21707.jpg,result/f10-20261004-132719-s6610110190-w64h36-b4-e30/masks/frame_0837_f21707.png,0800178add73cf9bee201286e53dee2a451c1a27529b83fed6db6e1bdde85633
frame_0838_f21733.jpg,data/images/test/frame_0838_f21733.jpg,result/f10-20261004-132719-s6610110190-w64h36-b4-e30/masks/frame_0838_f21733.png,1b3c0768fcd09e1ab6917243f2ce51192d1bdc47e943cd04351ce4c2d3c8cd36
frame_0839_f21759.jpg,data/images/test/frame_0839_f21759.jpg,result/f10-20261004-132719-s6610110190-w64h36-b4-e30/masks/frame_0839_f21759.png,b3cd52601ad80fcc879530731f74e15ca4eaa371f08466fabc3c5451be236f9f
frame_0840_f21785.jpg,data/images/test/frame_0840_f21785.jpg,result/f10-20261004-132719-s6610110190-w64h36-b4-e30/masks/frame_0840_f21785.png,2f08ac97200327e9a9565db95bee774b380ff4871cf969540f3d2509f1bb292e
frame_0841_f21811.jpg,data/images/test/frame_0841_f21811.jpg,result/f10-20261004-132719-s6610110190-w64h36-b4-e30/masks/frame_0841_f21811.png,b7314840f89af8fdacf4996afe0411d901353d6e21a3ac33789eca5fb350b0e0
frame_0842_f21837.jpg,data/images/test/frame_0842_f21837.jpg,result/f10-20261004-132719-s6610110190-w64h36-b4-e30/masks/frame_0842_f21837.png,9ac8d9933630071b9918246d609837d338f8ebe76e377874e215f178ce5245b0
frame_0843_f21863.jpg,data/images/test/frame_0843_f21863.jpg,result/f10-20261004-132719-s6610110190-w64h36-b4-e30/masks/frame_0843_f21863.png,c5b0ac5c33c1fe355665ebb3eeb9de2b251f397c15c21a84fbd0e9d603b13549
frame_0844_f21889.jpg,data/images/test/frame_0844_f21889.jpg,result/f10-20261004-132719-s6610110190-w64h36-b4-e30/masks/frame_0844_f21889.png,e4e2a178c1a918a138c113a0cc3d2cdf76d79c61f9f3047c3899aa80b50144ff
frame_0845_f21915.jpg,data/images/test/frame_0845_f21915.jpg,result/f10-20261004-132719-s6610110190-w64h36-b4-e30/masks/frame_0845_f21915.png,b81a8967df2f19e1d7c02a2d552b8041c6df7a27a7b2ed67d3d7331ad5afc353
frame_0846_f21941.jpg,data/images/test/frame_0846_f21941.jpg,result/f10-20261004-132719-s6610110190-w64h36-b4-e30/masks/frame_0846_f21941.png,ef829c6dbfc68cbe8e6258cb1f6d1f31f4a75d363634890997321f6b89d2926c
frame_0847_f21967.jpg,data/images/test/frame_0847_f21967.jpg,result/f10-20261004-132719-s6610110190-w64h36-b4-e30/masks/frame_0847_f21967.png,025c4fbc171c3999e60f54a582f57e16a3280df56903b624519eb7750d0ad57f
frame_0848_f21993.jpg,data/images/test/frame_0848_f21993.jpg,result/f10-20261004-132719-s6610110190-w64h36-b4-e30/masks/frame_0848_f21993.png,008cd02966b1cd6c0e69a2936bf6d4d39d3aa2452e0cbed09fae931f19882af9
frame_0849_f22018.jpg,data/images/test/frame_0849_f22018.jpg,result/f10-20261004-132719-s6610110190-w64h36-b4-e30/masks/frame_0849_f22018.png,5e56af68612b6aa8b9cbc2dd3ac03f60f334f957d9c504a50b6c149f6b789fef
frame_0850_f22044.jpg,data/images/test/frame_0850_f22044.jpg,result/f10-20261004-132719-s6610110190-w64h36-b4-e30/masks/frame_0850_f22044.png,a9a0cdc70e9d7b91a012c7123404102e229522553c6dbb785965fac774d1c90e
frame_0851_f22070.jpg,data/images/test/frame_0851_f22070.jpg,result/f10-20261004-132719-s6610110190-w64h36-b4-e30/masks/frame_0851_f22070.png,ad9f5030912c39e9f84c52e4645334db72d5e135f77e2a19e3de6d00380d47c1
frame_0852_f22096.jpg,data/images/test/frame_0852_f22096.jpg,result/f10-20261004-132719-s6610110190-w64h36-b4-e30/masks/frame_0852_f22096.png,c4c21c193fb6fdf77b777ea208d4c87bfebb9837448e1f29a1f8a1585dfe3e30
frame_0853_f22122.jpg,data/images/test/frame_0853_f22122.jpg,result/f10-20261004-132719-s6610110190-w64h36-b4-e30/masks/frame_0853_f22122.png,d41a582a7423076cbee9dd61671504b29891b317a3651c5837ba1f450b45110c
frame_0854_f22148.jpg,data/images/test/frame_0854_f22148.jpg,result/f10-20261004-132719-s6610110190-w64h36-b4-e30/masks/frame_0854_f22148.png,7d4934215f8838d93f2c59d72246c0a9a6b9f8e5932aea98ae0c7380be84b54b
frame_0855_f22174.jpg,data/images/test/frame_0855_f22174.jpg,result/f10-20261004-132719-s6610110190-w64h36-b4-e30/masks/frame_0855_f22174.png,36c49bb082fb448611ba610b6f308f79082a25efb11f4f1006d808f9c3b3f223
frame_0856_f22200.jpg,data/images/test/frame_0856_f22200.jpg,result/f10-20261004-132719-s6610110190-w64h36-b4-e30/masks/frame_0856_f22200.png,7dab50376acbe32360389459dd11fc2e79050e8872d71d5cde3dd069c754ad84
frame_0857_f22226.jpg,data/images/test/frame_0857_f22226.jpg,result/f10-20261004-132719-s6610110190-w64h36-b4-e30/masks/frame_0857_f22226.png,1058c1cfcf61b77e07046eecb1c9eba960d9a55efd1619cf1bc986bb94557f37
frame_0858_f22252.jpg,data/images/test/frame_0858_f22252.jpg,result/f10-20261004-132719-s6610110190-w64h36-b4-e30/masks/frame_0858_f22252.png,44cd57eecce8c79f85452afc6b62870b83766ff93596fedeadd8317c77b5c79e
frame_0859_f22278.jpg,data/images/test/frame_0859_f22278.jpg,result/f10-20261004-132719-s6610110190-w64h36-b4-e30/masks/frame_0859_f22278.png,ec174375085ce73eda7e2a9879efff2e4b7da254e540d11171c374c8fffe5dbd
frame_0860_f22304.jpg,data/images/test/frame_0860_f22304.jpg,result/f10-20261004-132719-s6610110190-w64h36-b4-e30/masks/frame_0860_f22304.png,850c77b5dfdc7e5fe440cd7c2ca6cc13503582c9361574c456ec94d47abe5f64
frame_0861_f22330.jpg,data/images/test/frame_0861_f22330.jpg,result/f10-20261004-132719-s6610110190-w64h36-b4-e30/masks/frame_0861_f22330.png,24df00fc3652e63e2b237eae49902a804396864f50be3c88198000ad6d653502
frame_0862_f22356.jpg,data/images/test/frame_0862_f22356.jpg,result/f10-20261004-132719-s6610110190-w64h36-b4-e30/masks/frame_0862_f22356.png,6b9bdf6ab263be0058c3a73200ae7f1708149e70063285b757a9b0d7825646ca
frame_0863_f22382.jpg,data/images/test/frame_0863_f22382.jpg,result/f10-20261004-132719-s6610110190-w64h36-b4-e30/masks/frame_0863_f22382.png,83785ae19627281332e9d5fff7534484305475041042031f4314cea5badc68c1
frame_0864_f22408.jpg,data/images/test/frame_0864_f22408.jpg,result/f10-20261004-132719-s6610110190-w64h36-b4-e30/masks/frame_0864_f22408.png,47f4317c34d9f2860df273b158493c2323c93f419742ddb4eb7732b891ab2e3d
frame_0865_f22433.jpg,data/images/test/frame_0865_f22433.jpg,result/f10-20261004-132719-s6610110190-w64h36-b4-e30/masks/frame_0865_f22433.png,6610525292cf63b7408f24725ccf61edb62404d28694a14ca71dcf22ff60e4db
frame_0866_f22459.jpg,data/images/test/frame_0866_f22459.jpg,result/f10-20261004-132719-s6610110190-w64h36-b4-e30/masks/frame_0866_f22459.png,1552cd7bc402ede2cbfbfe3d9336339f3c6a9e405d6144f3045ee11d6ab0bce9
frame_0867_f22485.jpg,data/images/test/frame_0867_f22485.jpg,result/f10-20261004-132719-s6610110190-w64h36-b4-e30/masks/frame_0867_f22485.png,42914eec3bf33f6a6a3f522605134efb1d978c2cf6f6b0e190dca736b48c32d4
frame_0868_f22511.jpg,data/images/test/frame_0868_f22511.jpg,result/f10-20261004-132719-s6610110190-w64h36-b4-e30/masks/frame_0868_f22511.png,7fc997bbe2030b6d44cb2053d407f588967651f93ba2d0852adc04a94d21041f
frame_0869_f22537.jpg,data/images/test/frame_0869_f22537.jpg,result/f10-20261004-132719-s6610110190-w64h36-b4-e30/masks/frame_0869_f22537.png,7e7c03d0796d594b0f47263dd02292292e966b6152e1cda4935c3132631ca428
frame_0870_f22563.jpg,data/images/test/frame_0870_f22563.jpg,result/f10-20261004-132719-s6610110190-w64h36-b4-e30/masks/frame_0870_f22563.png,0c34aa7f9d6ea9b119768e9f46dcdb9d64f87dd853120cdb3787535b6a715c84
frame_0871_f22589.jpg,data/images/test/frame_0871_f22589.jpg,result/f10-20261004-132719-s6610110190-w64h36-b4-e30/masks/frame_0871_f22589.png,8c86b69168c06724ebd634fd636fe4104231344b9b8668c9fc76541f3ecc4868
frame_0872_f22615.jpg,data/images/test/frame_0872_f22615.jpg,result/f10-20261004-132719-s6610110190-w64h36-b4-e30/masks/frame_0872_f22615.png,e976bddebfeaa82f604467c5be5fe32487e255b407cfc953630b0b64f43ab960
frame_0873_f22641.jpg,data/images/test/frame_0873_f22641.jpg,result/f10-20261004-132719-s6610110190-w64h36-b4-e30/masks/frame_0873_f22641.png,addb30199b6cc8f358a649d671db51994291b38b57268c0cc783360226ff543e
frame_0874_f22667.jpg,data/images/test/frame_0874_f22667.jpg,result/f10-20261004-132719-s6610110190-w64h36-b4-e30/masks/frame_0874_f22667.png,a5d949523722b0600323c0933fa6ca7fb9d05242f0db62a7d176672703161485
frame_0875_f22693.jpg,data/images/test/frame_0875_f22693.jpg,result/f10-20261004-132719-s6610110190-w64h36-b4-e30/masks/frame_0875_f22693.png,4233860896f338ee68ac5f2ac8c8370d45d766cca3cf6442a1ffd2d198f32475
frame_0876_f22719.jpg,data/images/test/frame_0876_f22719.jpg,result/f10-20261004-132719-s6610110190-w64h36-b4-e30/masks/frame_0876_f22719.png,854a4375728aad123045530956293d4044d54aaba018c0ad06a5ef9d954067f0
frame_0877_f22745.jpg,data/images/test/frame_0877_f22745.jpg,result/f10-20261004-132719-s6610110190-w64h36-b4-e30/masks/frame_0877_f22745.png,553ce09e2c8dbaed53f594cf972aca28a034a951f2b4ed63f45eb8db26fce414
frame_0878_f22771.jpg,data/images/test/frame_0878_f22771.jpg,result/f10-20261004-132719-s6610110190-w64h36-b4-e30/masks/frame_0878_f22771.png,3c6284b8757d91ca903dbeb7125a309a9958e780dfedeb052cd27bae6de26c7c
frame_0879_f22797.jpg,data/images/test/frame_0879_f22797.jpg,result/f10-20261004-132719-s6610110190-w64h36-b4-e30/masks/frame_0879_f22797.png,66880c2aa6805b312b5f714785f98d10caa8c9950eb3e3245d4c3dcf154b803d
frame_0880_f22822.jpg,data/images/test/frame_0880_f22822.jpg,result/f10-20261004-132719-s6610110190-w64h36-b4-e30/masks/frame_0880_f22822.png,9e38549433b396e6abc1304d924a71b392589461984ef67ddedeab267a8a07a2
frame_0881_f22848.jpg,data/images/test/frame_0881_f22848.jpg,result/f10-20261004-132719-s6610110190-w64h36-b4-e30/masks/frame_0881_f22848.png,d907c7a7affe9a64359ec4bc0816ab3ceb84fd1280875f6a5dc0f95a7d4a2d87
frame_0882_f22874.jpg,data/images/test/frame_0882_f22874.jpg,result/f10-20261004-132719-s6610110190-w64h36-b4-e30/masks/frame_0882_f22874.png,9208156ca1fc52fbdb1b5a19dc624310dc3cf20306ed41b0cf124ca9d863a14a
frame_0883_f22900.jpg,data/images/test/frame_0883_f22900.jpg,result/f10-20261004-132719-s6610110190-w64h36-b4-e30/masks/frame_0883_f22900.png,d7f11a4d2e709d26be43412d88ba50ffec7da2488091fb57f25d9bcf04a39426
frame_0884_f22926.jpg,data/images/test/frame_0884_f22926.jpg,result/f10-20261004-132719-s6610110190-w64h36-b4-e30/masks/frame_0884_f22926.png,9db35f0549b1d21456817b9b6cf69136f03a04e879d0e9880f05d5302e958a59
frame_0885_f22952.jpg,data/images/test/frame_0885_f22952.jpg,result/f10-20261004-132719-s6610110190-w64h36-b4-e30/masks/frame_0885_f22952.png,b4844c8528879970b25f755e2a686e0fb19fab9b63157e6ac806249aadd35cef
frame_0886_f22978.jpg,data/images/test/frame_0886_f22978.jpg,result/f10-20261004-132719-s6610110190-w64h36-b4-e30/masks/frame_0886_f22978.png,9a3bcf312b7e126510c5bd8ae0261e57a01abd777c98bdeecc4dd209671f4202
frame_0887_f23004.jpg,data/images/test/frame_0887_f23004.jpg,result/f10-20261004-132719-s6610110190-w64h36-b4-e30/masks/frame_0887_f23004.png,47a91bc4a5437719b34ee5950d5f7ad947bcce47e163535a5d2360f3d7393aa5
frame_0888_f23030.jpg,data/images/test/frame_0888_f23030.jpg,result/f10-20261004-132719-s6610110190-w64h36-b4-e30/masks/frame_0888_f23030.png,a2313809e56f1bc97f7afd96088c045c54138e3a235732c830e5b7e9a1b905f5
frame_0889_f23056.jpg,data/images/test/frame_0889_f23056.jpg,result/f10-20261004-132719-s6610110190-w64h36-b4-e30/masks/frame_0889_f23056.png,5f3ae02c32c90d7dfb8149388599e83f7c86a38f1b871babb8ae6a471f56c01b
frame_0890_f23082.jpg,data/images/test/frame_0890_f23082.jpg,result/f10-20261004-132719-s6610110190-w64h36-b4-e30/masks/frame_0890_f23082.png,ad72287353ac55ad3ba720e84009e776623c7bc213ea83225890208aadbda0b2
frame_0891_f23108.jpg,data/images/test/frame_0891_f23108.jpg,result/f10-20261004-132719-s6610110190-w64h36-b4-e30/masks/frame_0891_f23108.png,ce5daa07e582a498500dd8e6ad2eb47a18d14b60a26ebefda01f457e706255f9
frame_0892_f23134.jpg,data/images/test/frame_0892_f23134.jpg,result/f10-20261004-132719-s6610110190-w64h36-b4-e30/masks/frame_0892_f23134.png,62e93ce363476c49cf093f9f23eb67908128c266b3a693ae55fa522f09346d28
frame_0893_f23160.jpg,data/images/test/frame_0893_f23160.jpg,result/f10-20261004-132719-s6610110190-w64h36-b4-e30/masks/frame_0893_f23160.png,2e4a91b947100037a25302cb8adac04b61086224b22e8ef4b64c09f1e2ba87d6
frame_0894_f23186.jpg,data/images/test/frame_0894_f23186.jpg,result/f10-20261004-132719-s6610110190-w64h36-b4-e30/masks/frame_0894_f23186.png,471d08b488faff6da86939b0bf7308ef0279f884b1b201ada2fcb0273784aaf2
frame_0895_f23211.jpg,data/images/test/frame_0895_f23211.jpg,result/f10-20261004-132719-s6610110190-w64h36-b4-e30/masks/frame_0895_f23211.png,2be0bc4616c4bf541aec19357368465b86eee7a12f50dde00baca4e0caa2607c
frame_0896_f23237.jpg,data/images/test/frame_0896_f23237.jpg,result/f10-20261004-132719-s6610110190-w64h36-b4-e30/masks/frame_0896_f23237.png,bb7c244c5139b2acc22bacff50d50e8cdabf2bcc91c3b1ed4744181c69da4868
frame_0897_f23263.jpg,data/images/test/frame_0897_f23263.jpg,result/f10-20261004-132719-s6610110190-w64h36-b4-e30/masks/frame_0897_f23263.png,fa3c2f0580791d10711b7d1e789e0fff005d1bfbfb30dca6b2a7289533881a94
frame_0898_f23289.jpg,data/images/test/frame_0898_f23289.jpg,result/f10-20261004-132719-s6610110190-w64h36-b4-e30/masks/frame_0898_f23289.png,bca3b847e80a7a97560ad4e94558167a0afbfae20b235f0f77db74df27937d3f
frame_0899_f23315.jpg,data/images/test/frame_0899_f23315.jpg,result/f10-20261004-132719-s6610110190-w64h36-b4-e30/masks/frame_0899_f23315.png,db6e98cb8380fd1872d0ab5b99197da93ef0723845c961e16dff49a64531ca78
frame_0900_f23341.jpg,data/images/test/frame_0900_f23341.jpg,result/f10-20261004-132719-s6610110190-w64h36-b4-e30/masks/frame_0900_f23341.png,a6ecfa7376d1ab39c55e8fd07fc7763864a39010020a544c4ca9882b1b2f9c3a
frame_0901_f23367.jpg,data/images/test/frame_0901_f23367.jpg,result/f10-20261004-132719-s6610110190-w64h36-b4-e30/masks/frame_0901_f23367.png,6f085bb92a579fd083c67dafd28556441756f355616d5ab85a2cb033927e5c2a
frame_0902_f23393.jpg,data/images/test/frame_0902_f23393.jpg,result/f10-20261004-132719-s6610110190-w64h36-b4-e30/masks/frame_0902_f23393.png,039d073ae95624ac9ff486397e69c36f34a9ff6be0d2346ce2690436cf1c9150
frame_0903_f23419.jpg,data/images/test/frame_0903_f23419.jpg,result/f10-20261004-132719-s6610110190-w64h36-b4-e30/masks/frame_0903_f23419.png,f504be52f3513af5ebbb383f15d404a7eec1c3380ff8c0ae61ce95ea681486f3
frame_0904_f23445.jpg,data/images/test/frame_0904_f23445.jpg,result/f10-20261004-132719-s6610110190-w64h36-b4-e30/masks/frame_0904_f23445.png,2fe8338b9b66091f941898118164d63ec54138e30e421e0dc1c426cc6f533836
frame_0905_f23471.jpg,data/images/test/frame_0905_f23471.jpg,result/f10-20261004-132719-s6610110190-w64h36-b4-e30/masks/frame_0905_f23471.png,cfbaba5b3414f0e988b1545bbb23fdb4a093de57cfc7cf2ef63e22ac0d27534c
frame_0906_f23497.jpg,data/images/test/frame_0906_f23497.jpg,result/f10-20261004-132719-s6610110190-w64h36-b4-e30/masks/frame_0906_f23497.png,8fe15a7d6a6aac10e926b7aa1afb6cb54fe12e25e02fc13775114c3e396bb8f8
frame_0907_f23523.jpg,data/images/test/frame_0907_f23523.jpg,result/f10-20261004-132719-s6610110190-w64h36-b4-e30/masks/frame_0907_f23523.png,e22834bb43f40564d2fcf18f5edef10d2a34e4b5f25a786fe4e018e459f768d3
frame_0908_f23549.jpg,data/images/test/frame_0908_f23549.jpg,result/f10-20261004-132719-s6610110190-w64h36-b4-e30/masks/frame_0908_f23549.png,3f34d0139056caa4789c34e113c415cd10a298df5ac47d15c1a4404c63b074cb
frame_0909_f23575.jpg,data/images/test/frame_0909_f23575.jpg,result/f10-20261004-132719-s6610110190-w64h36-b4-e30/masks/frame_0909_f23575.png,4fdd26e7d1a44100daac6e621e4fdbe0a21a9fdd1961c3245fbaa7462fdda51b
frame_0910_f23601.jpg,data/images/test/frame_0910_f23601.jpg,result/f10-20261004-132719-s6610110190-w64h36-b4-e30/masks/frame_0910_f23601.png,66b2210d34dc1669bd9689caa3284474e393e094e45069b91c791c6af84847db
frame_0911_f23626.jpg,data/images/test/frame_0911_f23626.jpg,result/f10-20261004-132719-s6610110190-w64h36-b4-e30/masks/frame_0911_f23626.png,8496a6263f0779b4a4236a1b1089fbff9960a112422f600b3899a3c9365cfc08
frame_0912_f23652.jpg,data/images/test/frame_0912_f23652.jpg,result/f10-20261004-132719-s6610110190-w64h36-b4-e30/masks/frame_0912_f23652.png,d651b902481442a490e0f4cb487d8ede697eb9c3551eaff3fe176412543a0841
frame_0913_f23678.jpg,data/images/test/frame_0913_f23678.jpg,result/f10-20261004-132719-s6610110190-w64h36-b4-e30/masks/frame_0913_f23678.png,a8aebc5ef43d28cff4b04394df909fda1913eee0ca9c94e7c484927e592ea15f
frame_0914_f23704.jpg,data/images/test/frame_0914_f23704.jpg,result/f10-20261004-132719-s6610110190-w64h36-b4-e30/masks/frame_0914_f23704.png,4bee36169a10693259aec04447cebef3ddb0aa7738364de0bed2adbb9c8092fc
frame_0915_f23730.jpg,data/images/test/frame_0915_f23730.jpg,result/f10-20261004-132719-s6610110190-w64h36-b4-e30/masks/frame_0915_f23730.png,ef7228c7c028f393102fded6e65856048b4e1db2711e97ed7218363f00f05971
frame_0916_f23756.jpg,data/images/test/frame_0916_f23756.jpg,result/f10-20261004-132719-s6610110190-w64h36-b4-e30/masks/frame_0916_f23756.png,3f44957049917fc28abbac150cf46d7b50917672d46f046fe17396dd8dcd4391
frame_0917_f23782.jpg,data/images/test/frame_0917_f23782.jpg,result/f10-20261004-132719-s6610110190-w64h36-b4-e30/masks/frame_0917_f23782.png,157cc36e78af2f2f5443676b1f784cb77a2be988a86553ae7b11050445de2a5b
frame_0918_f23808.jpg,data/images/test/frame_0918_f23808.jpg,result/f10-20261004-132719-s6610110190-w64h36-b4-e30/masks/frame_0918_f23808.png,d34ebf868f08afd4c68c89e5a6c5534b50f0e066c0e6a3bd520dfc30c854b98a
frame_0919_f23834.jpg,data/images/test/frame_0919_f23834.jpg,result/f10-20261004-132719-s6610110190-w64h36-b4-e30/masks/frame_0919_f23834.png,de73994c4eee313c2011c9eebf246a6e49f5a8f1187cf06f207f7edf8618bcc2
frame_0920_f23860.jpg,data/images/test/frame_0920_f23860.jpg,result/f10-20261004-132719-s6610110190-w64h36-b4-e30/masks/frame_0920_f23860.png,a00e5ea8d47a492c009f67f28d93c5de6c0273ebab6f193d67828d9715e1f396
frame_0921_f23886.jpg,data/images/test/frame_0921_f23886.jpg,result/f10-20261004-132719-s6610110190-w64h36-b4-e30/masks/frame_0921_f23886.png,9c70b46d5575e1ca9db049a2d1f96a307c494bd96d99e9228a68d8216482fb81
frame_0922_f23912.jpg,data/images/test/frame_0922_f23912.jpg,result/f10-20261004-132719-s6610110190-w64h36-b4-e30/masks/frame_0922_f23912.png,f95f2a769c8546ada64ca00782fba65aca1e05989a256dddcb3687138a833ec4
frame_0923_f23938.jpg,data/images/test/frame_0923_f23938.jpg,result/f10-20261004-132719-s6610110190-w64h36-b4-e30/masks/frame_0923_f23938.png,d6006f5d4d87f5ec2d59c1c3d84dc3c4c9abfddd5d9de44e311528456c575b4f
frame_0924_f23964.jpg,data/images/test/frame_0924_f23964.jpg,result/f10-20261004-132719-s6610110190-w64h36-b4-e30/masks/frame_0924_f23964.png,f713a49a72d951aa9404a1caf8c5fa707e038efeb478e6530aa21f3908de4d5c
frame_0925_f23990.jpg,data/images/test/frame_0925_f23990.jpg,result/f10-20261004-132719-s6610110190-w64h36-b4-e30/masks/frame_0925_f23990.png,180d7c4dd2c9e5a517b6cd1bb763b8d87f6c6fd2409e83bdfbdab6ef6b9c6d45
frame_0926_f24015.jpg,data/images/test/frame_0926_f24015.jpg,result/f10-20261004-132719-s6610110190-w64h36-b4-e30/masks/frame_0926_f24015.png,7f9151988de2852ab7b4639ad9cf729a53444b794e022d48cc2fc226f8ce0b5c
frame_0927_f24041.jpg,data/images/test/frame_0927_f24041.jpg,result/f10-20261004-132719-s6610110190-w64h36-b4-e30/masks/frame_0927_f24041.png,f2ca15d8075ba3efb799de91860eb2daa16bb4b92e62154c91ad6f27fba17ce2
frame_0928_f24067.jpg,data/images/test/frame_0928_f24067.jpg,result/f10-20261004-132719-s6610110190-w64h36-b4-e30/masks/frame_0928_f24067.png,b9602da1b8c73e9feaf9bd8145eb43bae8def745c286da13e26315da1a76985d
frame_0929_f24093.jpg,data/images/test/frame_0929_f24093.jpg,result/f10-20261004-132719-s6610110190-w64h36-b4-e30/masks/frame_0929_f24093.png,1377370ee764301b28fc856db532cabde1383325d0ef5a8b100383c8521fdfe9
frame_0930_f24119.jpg,data/images/test/frame_0930_f24119.jpg,result/f10-20261004-132719-s6610110190-w64h36-b4-e30/masks/frame_0930_f24119.png,fb0a9de85d1b8d6e4bb1ac6e4fe0a5abd11993f704da39bfa3f18d94f6e29d50
frame_0931_f24145.jpg,data/images/test/frame_0931_f24145.jpg,result/f10-20261004-132719-s6610110190-w64h36-b4-e30/masks/frame_0931_f24145.png,ebb48477fedb40e69edb9abe60a44ecf2a1130a14e4f611da6f2bed4c59b064b
frame_0932_f24171.jpg,data/images/test/frame_0932_f24171.jpg,result/f10-20261004-132719-s6610110190-w64h36-b4-e30/masks/frame_0932_f24171.png,86c44546b8118b5952f9b4dadcaa327dd9388b6c3c2bbd243d17baa74a7fbb5c
frame_0933_f24197.jpg,data/images/test/frame_0933_f24197.jpg,result/f10-20261004-132719-s6610110190-w64h36-b4-e30/masks/frame_0933_f24197.png,ee1f8910e33ea7a6ac8db960aabadbe56ec0face17f3f61008738348b7c1d23b
frame_0934_f24223.jpg,data/images/test/frame_0934_f24223.jpg,result/f10-20261004-132719-s6610110190-w64h36-b4-e30/masks/frame_0934_f24223.png,f9ed06b9b808d740fb0c67f6ba0f6a9f980987b725f8fe85ee72c2d52ac31e7f
frame_0935_f24249.jpg,data/images/test/frame_0935_f24249.jpg,result/f10-20261004-132719-s6610110190-w64h36-b4-e30/masks/frame_0935_f24249.png,0777facda9697812816b1b58a826592c4dbff0be4c1872c861c8e3f126942c21
frame_0936_f24275.jpg,data/images/test/frame_0936_f24275.jpg,result/f10-20261004-132719-s6610110190-w64h36-b4-e30/masks/frame_0936_f24275.png,3cb1ca99676dc3b9fa9f83c84a1d61b37c0e0c3439c7343e605d1ad6ba75141f
frame_0937_f24301.jpg,data/images/test/frame_0937_f24301.jpg,result/f10-20261004-132719-s6610110190-w64h36-b4-e30/masks/frame_0937_f24301.png,9e6c8129d0cdf147846ff54c553cfd57fc36ad384660218ca92e50df69f55a14
frame_0938_f24327.jpg,data/images/test/frame_0938_f24327.jpg,result/f10-20261004-132719-s6610110190-w64h36-b4-e30/masks/frame_0938_f24327.png,2a29cd2be5648a0585444567202cc0b3bf8165437101a300ede55d0f16ea91ac
frame_0939_f24353.jpg,data/images/test/frame_0939_f24353.jpg,result/f10-20261004-132719-s6610110190-w64h36-b4-e30/masks/frame_0939_f24353.png,140b19b4a93f1d8fcdc625d87da28a9b00ba8677aa33cef7130939d914ca66c9
frame_0940_f24379.jpg,data/images/test/frame_0940_f24379.jpg,result/f10-20261004-132719-s6610110190-w64h36-b4-e30/masks/frame_0940_f24379.png,f558d67b552b66bd2e6141ca5182655e4e6bf8c947d1a9367a69fd32f0fde6b9
frame_0941_f24404.jpg,data/images/test/frame_0941_f24404.jpg,result/f10-20261004-132719-s6610110190-w64h36-b4-e30/masks/frame_0941_f24404.png,6745081922b26e793f00a937fd4093853e1a0bb061876e6fec3b96361af35b24
frame_0942_f24430.jpg,data/images/test/frame_0942_f24430.jpg,result/f10-20261004-132719-s6610110190-w64h36-b4-e30/masks/frame_0942_f24430.png,07a1bf76813c2eeea1e178ca6673f165fa791910de7ee49add631d6299c776e6
frame_0943_f24456.jpg,data/images/test/frame_0943_f24456.jpg,result/f10-20261004-132719-s6610110190-w64h36-b4-e30/masks/frame_0943_f24456.png,ff30cfb5092f9cebddb0c9568382e1abdcbc5adb056548c00fb0b6325f3f8e16
frame_0944_f24482.jpg,data/images/test/frame_0944_f24482.jpg,result/f10-20261004-132719-s6610110190-w64h36-b4-e30/masks/frame_0944_f24482.png,db2a5db4cef1a3ddf3e1741cb53002d346d2ad39609370782128c7a2781d4c8b
frame_0945_f24508.jpg,data/images/test/frame_0945_f24508.jpg,result/f10-20261004-132719-s6610110190-w64h36-b4-e30/masks/frame_0945_f24508.png,5889762b35934bcfe0da6b0bd9081ef93037e75c1984e5b8c499f642d3188494
frame_0946_f24534.jpg,data/images/test/frame_0946_f24534.jpg,result/f10-20261004-132719-s6610110190-w64h36-b4-e30/masks/frame_0946_f24534.png,42ca2ce44d302861624b7fa2e4238929ae9047067d622e89ad86d456dc8fe9eb
frame_0947_f24560.jpg,data/images/test/frame_0947_f24560.jpg,result/f10-20261004-132719-s6610110190-w64h36-b4-e30/masks/frame_0947_f24560.png,224578236ff3e8ee6291989724735d649ec72c74c5f1d0e62784838af1ac95d8
frame_0948_f24586.jpg,data/images/test/frame_0948_f24586.jpg,result/f10-20261004-132719-s6610110190-w64h36-b4-e30/masks/frame_0948_f24586.png,290749b6d324b2500fc9d8a768f2a15350fbc58facb8f7e250c7b830b6b6e7c6
frame_0949_f24612.jpg,data/images/test/frame_0949_f24612.jpg,result/f10-20261004-132719-s6610110190-w64h36-b4-e30/masks/frame_0949_f24612.png,df3dedbde63f22b022b50207ef745737fc6d029205ab4abaa790cc19c05ce29b
frame_0950_f24638.jpg,data/images/test/frame_0950_f24638.jpg,result/f10-20261004-132719-s6610110190-w64h36-b4-e30/masks/frame_0950_f24638.png,86f27869e46dc24dae4fda45b530fec963e22e5aed137fe8723380163c717ff5
frame_0951_f24664.jpg,data/images/test/frame_0951_f24664.jpg,result/f10-20261004-132719-s6610110190-w64h36-b4-e30/masks/frame_0951_f24664.png,4ed59e3af3407fb9a201ce27715b4cc850e313911e74629361ca4f7e4c339b2f
frame_0952_f24690.jpg,data/images/test/frame_0952_f24690.jpg,result/f10-20261004-132719-s6610110190-w64h36-b4-e30/masks/frame_0952_f24690.png,52d7571e34bc631fc3336eb3f717b4f60f3ea0a2e39da3a3928ca9e6e65c2d12
frame_0953_f24716.jpg,data/images/test/frame_0953_f24716.jpg,result/f10-20261004-132719-s6610110190-w64h36-b4-e30/masks/frame_0953_f24716.png,00600dcdeede0a09a748e278be49da9855ee02bd6695e830f7085b2c6bf7e31a
frame_0954_f24742.jpg,data/images/test/frame_0954_f24742.jpg,result/f10-20261004-132719-s6610110190-w64h36-b4-e30/masks/frame_0954_f24742.png,ef7e41f36bdd43e639573fece68da2c75881bc40bcd89dd218456501f5164dee
frame_0955_f24768.jpg,data/images/test/frame_0955_f24768.jpg,result/f10-20261004-132719-s6610110190-w64h36-b4-e30/masks/frame_0955_f24768.png,79974b124db5296cd17ee14b9baf646a9af5e5357785a635c57ed3772e072ce6
frame_0956_f24793.jpg,data/images/test/frame_0956_f24793.jpg,result/f10-20261004-132719-s6610110190-w64h36-b4-e30/masks/frame_0956_f24793.png,30a2e643e814da780cb457e880fb4d2a9e9a0df3fdf6949c95ece6a17e5ea5db
frame_0957_f24819.jpg,data/images/test/frame_0957_f24819.jpg,result/f10-20261004-132719-s6610110190-w64h36-b4-e30/masks/frame_0957_f24819.png,6e24141fc899a7f519d6bdc8c5aaa45157c08b12929479d2ccfe08ffee7e5b05
frame_0958_f24845.jpg,data/images/test/frame_0958_f24845.jpg,result/f10-20261004-132719-s6610110190-w64h36-b4-e30/masks/frame_0958_f24845.png,3d8ceb4d4d1e88850184c7e7eb4cc032f1fffb752680c4eb691e7defa17dccd0
frame_0959_f24871.jpg,data/images/test/frame_0959_f24871.jpg,result/f10-20261004-132719-s6610110190-w64h36-b4-e30/masks/frame_0959_f24871.png,b976ab09d677d0dd36a0a29976f5fae6c55115ddfda66bf3dfa342a3f27653b8
frame_0960_f24897.jpg,data/images/test/frame_0960_f24897.jpg,result/f10-20261004-132719-s6610110190-w64h36-b4-e30/masks/frame_0960_f24897.png,3745d0d216da0a5eb9386558686166d1a38748121ec7ba8adc63d466d63e661e
frame_0961_f24923.jpg,data/images/test/frame_0961_f24923.jpg,result/f10-20261004-132719-s6610110190-w64h36-b4-e30/masks/frame_0961_f24923.png,81c187677bdd95524382e20cdcefb65bf5d82fb58434f8f2250267a6ec8fe7ff
frame_0962_f24949.jpg,data/images/test/frame_0962_f24949.jpg,result/f10-20261004-132719-s6610110190-w64h36-b4-e30/masks/frame_0962_f24949.png,d1830542f9a5ef3517735e8edfa7b477305fe97b9acdd10c6b6d9015620d2de8
frame_0963_f24975.jpg,data/images/test/frame_0963_f24975.jpg,result/f10-20261004-132719-s6610110190-w64h36-b4-e30/masks/frame_0963_f24975.png,f0bcc3a67ac20d4e60826502125f1b06e7232e440293c9ccc0e6474282907d48
frame_0964_f25001.jpg,data/images/test/frame_0964_f25001.jpg,result/f10-20261004-132719-s6610110190-w64h36-b4-e30/masks/frame_0964_f25001.png,e7043b3c18083833da0f24b49f7478576a30eb189b24a3830ccad2e387575b1a
frame_0965_f25027.jpg,data/images/test/frame_0965_f25027.jpg,result/f10-20261004-132719-s6610110190-w64h36-b4-e30/masks/frame_0965_f25027.png,024091a930e807776695d2419fa14433aac3fc1f5687fe2df8869ce56870c9d6
frame_0966_f25053.jpg,data/images/test/frame_0966_f25053.jpg,result/f10-20261004-132719-s6610110190-w64h36-b4-e30/masks/frame_0966_f25053.png,dd93c161fa411c9fc1be9039b84fdab11d0937d6c51032e811ad489f16caf6a1
frame_0967_f25079.jpg,data/images/test/frame_0967_f25079.jpg,result/f10-20261004-132719-s6610110190-w64h36-b4-e30/masks/frame_0967_f25079.png,992bcec253a4ae20e951a16856bfcda0147ee686633e6a868af135e9c5dfe185
frame_0968_f25105.jpg,data/images/test/frame_0968_f25105.jpg,result/f10-20261004-132719-s6610110190-w64h36-b4-e30/masks/frame_0968_f25105.png,2780bf2e084679c07f8ae3d0918608e956555a248824065a7055bc959a4eb940
frame_0969_f25131.jpg,data/images/test/frame_0969_f25131.jpg,result/f10-20261004-132719-s6610110190-w64h36-b4-e30/masks/frame_0969_f25131.png,78c59a9583ecee1bbb92c1e7c8cfaf2e63445dd7893f14c2367b6096295f022a
frame_0970_f25157.jpg,data/images/test/frame_0970_f25157.jpg,result/f10-20261004-132719-s6610110190-w64h36-b4-e30/masks/frame_0970_f25157.png,0539e74081bbb01adcaf9788169a0b0f46c8fce022b3cf4a3023872a96b26118
frame_0971_f25183.jpg,data/images/test/frame_0971_f25183.jpg,result/f10-20261004-132719-s6610110190-w64h36-b4-e30/masks/frame_0971_f25183.png,d65ddaa7c149e6b3a19b9ec4d63c7ade0ec31136f11d0b8a3fd26fc9618dd7f2
frame_0972_f25208.jpg,data/images/test/frame_0972_f25208.jpg,result/f10-20261004-132719-s6610110190-w64h36-b4-e30/masks/frame_0972_f25208.png,a1c9798adfbaebd9a5b08e21d0e44beff38718968fc6cdc2e81bffb1aa3edb1a
frame_0973_f25234.jpg,data/images/test/frame_0973_f25234.jpg,result/f10-20261004-132719-s6610110190-w64h36-b4-e30/masks/frame_0973_f25234.png,ca52ec3f85c919a54a858b93cc59dfe4de312beeed88817dfdc9ac42c73bc0b8
frame_0974_f25260.jpg,data/images/test/frame_0974_f25260.jpg,result/f10-20261004-132719-s6610110190-w64h36-b4-e30/masks/frame_0974_f25260.png,88ef0743a24d935e4f9301942d068f068d626b528ac114dd266d4666b64c2b47
frame_0975_f25286.jpg,data/images/test/frame_0975_f25286.jpg,result/f10-20261004-132719-s6610110190-w64h36-b4-e30/masks/frame_0975_f25286.png,ff4612aa5598b50b06941276951507182cfefc8b91f534e740cabf242089acea
frame_0976_f25312.jpg,data/images/test/frame_0976_f25312.jpg,result/f10-20261004-132719-s6610110190-w64h36-b4-e30/masks/frame_0976_f25312.png,91b21590b69853d930287ed88784561df0cd7bd72b6bc77935858315739f39f4
frame_0977_f25338.jpg,data/images/test/frame_0977_f25338.jpg,result/f10-20261004-132719-s6610110190-w64h36-b4-e30/masks/frame_0977_f25338.png,8c7345d9235ea704d7699d13141759976d8b9ce0424827214141ff99ea838d92
frame_0978_f25364.jpg,data/images/test/frame_0978_f25364.jpg,result/f10-20261004-132719-s6610110190-w64h36-b4-e30/masks/frame_0978_f25364.png,f36c72d6aedd2deacf98da71744e700032d8a89ed9e9884935b1e4634334a35b
frame_0979_f25390.jpg,data/images/test/frame_0979_f25390.jpg,result/f10-20261004-132719-s6610110190-w64h36-b4-e30/masks/frame_0979_f25390.png,2c4e6a0127d4ddd4df8d3a82f0eae30e281d2ee3ac146d08f86d4d2cfb5ea734
frame_0980_f25416.jpg,data/images/test/frame_0980_f25416.jpg,result/f10-20261004-132719-s6610110190-w64h36-b4-e30/masks/frame_0980_f25416.png,265b6d5de6b0145a26ce69e71e6f99cb530264a46d24265430a759ae933c2eed
frame_0981_f25442.jpg,data/images/test/frame_0981_f25442.jpg,result/f10-20261004-132719-s6610110190-w64h36-b4-e30/masks/frame_0981_f25442.png,a94461f4ec8c1f3b65605d26f3cf9de37c6581f9d26c054e623bc946ca162722
frame_0982_f25468.jpg,data/images/test/frame_0982_f25468.jpg,result/f10-20261004-132719-s6610110190-w64h36-b4-e30/masks/frame_0982_f25468.png,d081d9cd53f3d7f8b555ac34ac6df37366edcd0d81341e0f900050043942ea81
frame_0983_f25494.jpg,data/images/test/frame_0983_f25494.jpg,result/f10-20261004-132719-s6610110190-w64h36-b4-e30/masks/frame_0983_f25494.png,c5afef8bf1031b82c351bbc2c0aee5306a2d78c648997aed04015a35e628521e
frame_0984_f25520.jpg,data/images/test/frame_0984_f25520.jpg,result/f10-20261004-132719-s6610110190-w64h36-b4-e30/masks/frame_0984_f25520.png,9ed4107cc4862473e10e1c900d97978ed377215ce7d21d0e9f84539ebd74ebf8
frame_0985_f25546.jpg,data/images/test/frame_0985_f25546.jpg,result/f10-20261004-132719-s6610110190-w64h36-b4-e30/masks/frame_0985_f25546.png,06b69537a01aa6aeeee99b393e625b0d2a284826d323462e893ab557ff24135d
frame_0986_f25572.jpg,data/images/test/frame_0986_f25572.jpg,result/f10-20261004-132719-s6610110190-w64h36-b4-e30/masks/frame_0986_f25572.png,cb616c9ec6b56807ad9b939e6db7c3fd3ab296f0030926ee3c9088beb16e0118
frame_0987_f25597.jpg,data/images/test/frame_0987_f25597.jpg,result/f10-20261004-132719-s6610110190-w64h36-b4-e30/masks/frame_0987_f25597.png,a34c56eec2221a3f39187a26a49fc1a26676de9bbbbfa4a76743498e70b95727
frame_0988_f25623.jpg,data/images/test/frame_0988_f25623.jpg,result/f10-20261004-132719-s6610110190-w64h36-b4-e30/masks/frame_0988_f25623.png,db9eb93f7351788d6377e0763bebbfaf9ca51756fe91393bca7c47e63d502f8f
frame_0989_f25649.jpg,data/images/test/frame_0989_f25649.jpg,result/f10-20261004-132719-s6610110190-w64h36-b4-e30/masks/frame_0989_f25649.png,0373e66f2356b4469be342a9b7adda558fc9a6b0382684a08493a6b5575a49b7
frame_0990_f25675.jpg,data/images/test/frame_0990_f25675.jpg,result/f10-20261004-132719-s6610110190-w64h36-b4-e30/masks/frame_0990_f25675.png,dafdcb27321f101805e79b1f99ed1bf9deabe8a3f6e1f56ceb5c9faa44fe5797
frame_0991_f25701.jpg,data/images/test/frame_0991_f25701.jpg,result/f10-20261004-132719-s6610110190-w64h36-b4-e30/masks/frame_0991_f25701.png,f1be3b9f72105b8b925a62caf2214a314a745fc6389dfca92426d8f1c45d20ad
frame_0992_f25727.jpg,data/images/test/frame_0992_f25727.jpg,result/f10-20261004-132719-s6610110190-w64h36-b4-e30/masks/frame_0992_f25727.png,1884a598cd2459d5b75b3a7cdc8d24ba4d0d4356c0e1f50565423a606c06afdd
frame_0993_f25753.jpg,data/images/test/frame_0993_f25753.jpg,result/f10-20261004-132719-s6610110190-w64h36-b4-e30/masks/frame_0993_f25753.png,344d17955bb01bff5eece7f2b9138067b1c5705c1a88ee8a7baa86f6322564af
frame_0994_f25779.jpg,data/images/test/frame_0994_f25779.jpg,result/f10-20261004-132719-s6610110190-w64h36-b4-e30/masks/frame_0994_f25779.png,36164d30ebab3994417f63f930bf221822c34f8ac7cfe65d8e04b173bc597c30
frame_0995_f25805.jpg,data/images/test/frame_0995_f25805.jpg,result/f10-20261004-132719-s6610110190-w64h36-b4-e30/masks/frame_0995_f25805.png,44af32c84a02e2608227c855c93b65a87695fa84b8b949c82bc9ea25dd7cdb4d
frame_0996_f25831.jpg,data/images/test/frame_0996_f25831.jpg,result/f10-20261004-132719-s6610110190-w64h36-b4-e30/masks/frame_0996_f25831.png,8c40509c9de749816dd699444d7ef57834cbdd161e74afd9f1213b9af533f13a
frame_0997_f25857.jpg,data/images/test/frame_0997_f25857.jpg,result/f10-20261004-132719-s6610110190-w64h36-b4-e30/masks/frame_0997_f25857.png,c822ae714d46ef9a8fd6e6f44553ac0d22afdf5f8ee50a9b1a4df10c0783ce8c
frame_0998_f25883.jpg,data/images/test/frame_0998_f25883.jpg,result/f10-20261004-132719-s6610110190-w64h36-b4-e30/masks/frame_0998_f25883.png,7ce9d1a1c7efcfaffa00fae49a288fbfeb9c5bd11e0ad89c820f3aac17e4e792
frame_0999_f25909.jpg,data/images/test/frame_0999_f25909.jpg,result/f10-20261004-132719-s6610110190-w64h36-b4-e30/masks/frame_0999_f25909.png,e486a5b606f35df47bc1c26498ab84422175a5d6acbf31c98c690a079fb1e0fb
frame_1000_f25935.jpg,data/images/test/frame_1000_f25935.jpg,result/f10-20261004-132719-s6610110190-w64h36-b4-e30/masks/frame_1000_f25935.png,c6bda327922ad017f9ec244eb3d3a929acbce046c9435f4996e271b87c119e38
frame_1001_f25961.jpg,data/images/test/frame_1001_f25961.jpg,result/f10-20261004-132719-s6610110190-w64h36-b4-e30/masks/frame_1001_f25961.png,9ad7d78023c41def1e55d1e64e4728793ef231982ee99e779ead2a951f1b2a0d
frame_1002_f25986.jpg,data/images/test/frame_1002_f25986.jpg,result/f10-20261004-132719-s6610110190-w64h36-b4-e30/masks/frame_1002_f25986.png,3b5161f4b11f79aa60a9df173438721cb3b84115ac50f6cbf4455927367228bb
frame_1003_f26012.jpg,data/images/test/frame_1003_f26012.jpg,result/f10-20261004-132719-s6610110190-w64h36-b4-e30/masks/frame_1003_f26012.png,dd0e9b6dc84cbd3ac1a2780962ed7aa95ea900f0fe0802381dea38732158e6d8
frame_1004_f26038.jpg,data/images/test/frame_1004_f26038.jpg,result/f10-20261004-132719-s6610110190-w64h36-b4-e30/masks/frame_1004_f26038.png,80a1974d708d4e10cb14a9f5175ffc4ff862985546f04c506eacdb82b7cad21e
frame_1005_f26064.jpg,data/images/test/frame_1005_f26064.jpg,result/f10-20261004-132719-s6610110190-w64h36-b4-e30/masks/frame_1005_f26064.png,2df76db02eec60a307dce11915df99c70c88be27aeea8581d4ec7401a1c7e302
frame_1006_f26090.jpg,data/images/test/frame_1006_f26090.jpg,result/f10-20261004-132719-s6610110190-w64h36-b4-e30/masks/frame_1006_f26090.png,809868ee1949ed280d0fe34374cff474d03795dc0b5a4a9b8a8cd22721ff4d0b
frame_1007_f26116.jpg,data/images/test/frame_1007_f26116.jpg,result/f10-20261004-132719-s6610110190-w64h36-b4-e30/masks/frame_1007_f26116.png,f388669f0ba91601cba2d9c62f4494fa7f3f203bd73180088f39d728c6531c75
frame_1008_f26142.jpg,data/images/test/frame_1008_f26142.jpg,result/f10-20261004-132719-s6610110190-w64h36-b4-e30/masks/frame_1008_f26142.png,d9fb422a3ed8178935dd5d19ce4189f45df40ccc05a268f4cba2da582a738f55
frame_1009_f26168.jpg,data/images/test/frame_1009_f26168.jpg,result/f10-20261004-132719-s6610110190-w64h36-b4-e30/masks/frame_1009_f26168.png,535bc23e7598ea58b3f082aa9fb6605405aa1c91323962a35724720b5be8e99f
frame_1010_f26194.jpg,data/images/test/frame_1010_f26194.jpg,result/f10-20261004-132719-s6610110190-w64h36-b4-e30/masks/frame_1010_f26194.png,8f2bf6fea0511f422966268b6a23803cb4686a1e9b0e9a1f0667cd07a42fb9fb
frame_1011_f26220.jpg,data/images/test/frame_1011_f26220.jpg,result/f10-20261004-132719-s6610110190-w64h36-b4-e30/masks/frame_1011_f26220.png,bc3c9b4f90cf39fe429959718da054f37bc5462a344ce29009debba358749dea
frame_1012_f26246.jpg,data/images/test/frame_1012_f26246.jpg,result/f10-20261004-132719-s6610110190-w64h36-b4-e30/masks/frame_1012_f26246.png,ec032cab911d4fc1344447a6a54f3f21ca7809139d6c29cb69ed3d69ac0653f7
frame_1013_f26272.jpg,data/images/test/frame_1013_f26272.jpg,result/f10-20261004-132719-s6610110190-w64h36-b4-e30/masks/frame_1013_f26272.png,a15a4ef4fd19daf68d5adafb2eb20124f7e2928b8e934555cbf0bb3f051513a0
frame_1014_f26298.jpg,data/images/test/frame_1014_f26298.jpg,result/f10-20261004-132719-s6610110190-w64h36-b4-e30/masks/frame_1014_f26298.png,2a8c6219c9065eaca18d582f0c73da49cd1cb224c97cf2f40f6e497e434639c2
frame_1015_f26324.jpg,data/images/test/frame_1015_f26324.jpg,result/f10-20261004-132719-s6610110190-w64h36-b4-e30/masks/frame_1015_f26324.png,86ae65cdc63c53cb0562ab21673ea1b58c7035ebb1d5eedd1721ed03e9e74c19
frame_1016_f26350.jpg,data/images/test/frame_1016_f26350.jpg,result/f10-20261004-132719-s6610110190-w64h36-b4-e30/masks/frame_1016_f26350.png,92f41bbf37bfaefe9c64476f9294f7dcd7c1a0908933750f9a4a27d3961836c7
frame_1017_f26376.jpg,data/images/test/frame_1017_f26376.jpg,result/f10-20261004-132719-s6610110190-w64h36-b4-e30/masks/frame_1017_f26376.png,90c0fbac4916388522226c5bb0fdd35a8ab521780e3115a05f2272f9bb354187
frame_1018_f26401.jpg,data/images/test/frame_1018_f26401.jpg,result/f10-20261004-132719-s6610110190-w64h36-b4-e30/masks/frame_1018_f26401.png,d1350fa76190c50683eae1fa1a3ce6dd22678e9302b1a7a6e9a6594425e7314f
frame_1019_f26427.jpg,data/images/test/frame_1019_f26427.jpg,result/f10-20261004-132719-s6610110190-w64h36-b4-e30/masks/frame_1019_f26427.png,97c9114946566c6f4eca0ff96a569165708342e881b157c1ad2dafc2876bc260
frame_1020_f26453.jpg,data/images/test/frame_1020_f26453.jpg,result/f10-20261004-132719-s6610110190-w64h36-b4-e30/masks/frame_1020_f26453.png,1ebbaf079094292e2bfc0e22a1707fea4022e6410a8fc953a4b10d6a73e50cf3
frame_1021_f26479.jpg,data/images/test/frame_1021_f26479.jpg,result/f10-20261004-132719-s6610110190-w64h36-b4-e30/masks/frame_1021_f26479.png,4b77d1ba545c5cc327f1b6127eb9c33e992ce1294acb7ed7fc45afa22d2f7b2c
frame_1022_f26505.jpg,data/images/test/frame_1022_f26505.jpg,result/f10-20261004-132719-s6610110190-w64h36-b4-e30/masks/frame_1022_f26505.png,10b8958ae7b4fb3a17e6dee6c391a18194f693da9efa85043941a7b4ee26d076
frame_1023_f26531.jpg,data/images/test/frame_1023_f26531.jpg,result/f10-20261004-132719-s6610110190-w64h36-b4-e30/masks/frame_1023_f26531.png,42fb81eece66c5bb88b1b3ac3e1d5e2cdd1a0900e391475e905174debb8439b8
frame_1024_f26557.jpg,data/images/test/frame_1024_f26557.jpg,result/f10-20261004-132719-s6610110190-w64h36-b4-e30/masks/frame_1024_f26557.png,0dcecde8082ec2398d2fd62d7778cd4c7e7efb74c8ef54a699abb0b66c118785
frame_1025_f26583.jpg,data/images/test/frame_1025_f26583.jpg,result/f10-20261004-132719-s6610110190-w64h36-b4-e30/masks/frame_1025_f26583.png,4ab216186fbaabc502d7461143197436a52d16592973c4f1a58d34d2ce37111a
frame_1026_f26609.jpg,data/images/test/frame_1026_f26609.jpg,result/f10-20261004-132719-s6610110190-w64h36-b4-e30/masks/frame_1026_f26609.png,8775a3663718fae36aa30021c672793beeda6e1304c82beedbff2551ce36294d
frame_1027_f26635.jpg,data/images/test/frame_1027_f26635.jpg,result/f10-20261004-132719-s6610110190-w64h36-b4-e30/masks/frame_1027_f26635.png,ba673e610e77aecb33b72098056bcdda20707368d28eecc2711e11b161953d60
frame_1028_f26661.jpg,data/images/test/frame_1028_f26661.jpg,result/f10-20261004-132719-s6610110190-w64h36-b4-e30/masks/frame_1028_f26661.png,0ff2b34a297ae376222e6c1a8eaedd3e31f2a96fb001adf47c42a24e0ccfd73a
frame_1029_f26687.jpg,data/images/test/frame_1029_f26687.jpg,result/f10-20261004-132719-s6610110190-w64h36-b4-e30/masks/frame_1029_f26687.png,26331ce65ae314a899a0702dcff8c725732885189f2ebb801c14a2b186ea3c34
frame_1030_f26713.jpg,data/images/test/frame_1030_f26713.jpg,result/f10-20261004-132719-s6610110190-w64h36-b4-e30/masks/frame_1030_f26713.png,71925c5954b7123ee606071fdd98b90575a57a3e857995d76edc77f10ce41fb4
frame_1031_f26739.jpg,data/images/test/frame_1031_f26739.jpg,result/f10-20261004-132719-s6610110190-w64h36-b4-e30/masks/frame_1031_f26739.png,d5eec64781a2e9ac61852582aa2f55ac3eeddb5bf8b6e557cacd3288247188ae
frame_1032_f26765.jpg,data/images/test/frame_1032_f26765.jpg,result/f10-20261004-132719-s6610110190-w64h36-b4-e30/masks/frame_1032_f26765.png,b785585dd7ac7e1473ea0c79153e0a55f8081c806f6042de68f48be045636354
frame_1033_f26790.jpg,data/images/test/frame_1033_f26790.jpg,result/f10-20261004-132719-s6610110190-w64h36-b4-e30/masks/frame_1033_f26790.png,803d79043cdeed4af8eda2f1053814cbd3ff1887812d109f0a5de9b8fdc94c48
frame_1034_f26816.jpg,data/images/test/frame_1034_f26816.jpg,result/f10-20261004-132719-s6610110190-w64h36-b4-e30/masks/frame_1034_f26816.png,85645da64cc1ee861d9192a281a2ac5b09d3abe00b22bff69d8215c3cabf1054
frame_1035_f26842.jpg,data/images/test/frame_1035_f26842.jpg,result/f10-20261004-132719-s6610110190-w64h36-b4-e30/masks/frame_1035_f26842.png,637e70b56da95a12117d6901dae2fd653326ec7aa2802afc9ae4e8b5e87db523
frame_1036_f26868.jpg,data/images/test/frame_1036_f26868.jpg,result/f10-20261004-132719-s6610110190-w64h36-b4-e30/masks/frame_1036_f26868.png,3506cdd05bada01278a97009e441c1b4a86af5d2c46e186572229838dc305019
frame_1037_f26894.jpg,data/images/test/frame_1037_f26894.jpg,result/f10-20261004-132719-s6610110190-w64h36-b4-e30/masks/frame_1037_f26894.png,703df4a4db6bdcbaf48c3670fd21216a76d82ad94b7b2b31372f00617262c1b0
frame_1038_f26920.jpg,data/images/test/frame_1038_f26920.jpg,result/f10-20261004-132719-s6610110190-w64h36-b4-e30/masks/frame_1038_f26920.png,fca2bce8af2f466386b9c4a8c0eb3c5b723c0b7d552fe93d67f9268a43ef8abb
frame_1039_f26946.jpg,data/images/test/frame_1039_f26946.jpg,result/f10-20261004-132719-s6610110190-w64h36-b4-e30/masks/frame_1039_f26946.png,4d1c64c846f0421e57305aad5f9eb086792133ef3540c13af96db3a7e7761b71
frame_1040_f26972.jpg,data/images/test/frame_1040_f26972.jpg,result/f10-20261004-132719-s6610110190-w64h36-b4-e30/masks/frame_1040_f26972.png,8f44f81811be2087e7d4dcab669c8956a6f90ba0862f7beebb01857132d0d1a9
frame_1041_f26998.jpg,data/images/test/frame_1041_f26998.jpg,result/f10-20261004-132719-s6610110190-w64h36-b4-e30/masks/frame_1041_f26998.png,bed9206083e466fdcd92539999f63d48a6244ded35e2994d87cdae8c6e2a09e2
frame_1042_f27024.jpg,data/images/test/frame_1042_f27024.jpg,result/f10-20261004-132719-s6610110190-w64h36-b4-e30/masks/frame_1042_f27024.png,8429f8327a159e490119d94b392c84a86eef96524cc3f06123a3d14389f33b7d
frame_1043_f27050.jpg,data/images/test/frame_1043_f27050.jpg,result/f10-20261004-132719-s6610110190-w64h36-b4-e30/masks/frame_1043_f27050.png,c3d13783ddc48a815c588ef8bd8925b77371146d466feacba795875efe9b2bdc
frame_1044_f27076.jpg,data/images/test/frame_1044_f27076.jpg,result/f10-20261004-132719-s6610110190-w64h36-b4-e30/masks/frame_1044_f27076.png,0d160385cadb5a4f642487d8acd749e3a7c1a5b904b33311727cdb235bb8038c
frame_1045_f27102.jpg,data/images/test/frame_1045_f27102.jpg,result/f10-20261004-132719-s6610110190-w64h36-b4-e30/masks/frame_1045_f27102.png,4e9243c745ee4d5b195d90e7b5a925aa3e4db9f34b6b7830f4d4139cb3a30e6e
frame_1046_f27128.jpg,data/images/test/frame_1046_f27128.jpg,result/f10-20261004-132719-s6610110190-w64h36-b4-e30/masks/frame_1046_f27128.png,f1876ade988a4150f6a8c4ca1f22d1d41a326ff6766cf27d35ef0a1b7aa1b725
frame_1047_f27154.jpg,data/images/test/frame_1047_f27154.jpg,result/f10-20261004-132719-s6610110190-w64h36-b4-e30/masks/frame_1047_f27154.png,614664658480c0bffaaf0d5e0e99bb3b2fac7b599313c0e4e7bc9d0d632cbc8e
frame_1048_f27179.jpg,data/images/test/frame_1048_f27179.jpg,result/f10-20261004-132719-s6610110190-w64h36-b4-e30/masks/frame_1048_f27179.png,b37a77dc50a2013a69bd78cc5c3d548bcd8f08d9cda0a29c497d08496e67b8b9
frame_1049_f27205.jpg,data/images/test/frame_1049_f27205.jpg,result/f10-20261004-132719-s6610110190-w64h36-b4-e30/masks/frame_1049_f27205.png,6a92489a42063e6a27e7e22efdc2bdaa1a06e8df39320b3453801a72a5a2087c
frame_1050_f27231.jpg,data/images/test/frame_1050_f27231.jpg,result/f10-20261004-132719-s6610110190-w64h36-b4-e30/masks/frame_1050_f27231.png,331bef74fe516b62f7a48df57a568ceded4c3037f9f010ef7108c5cd751833c4
frame_1051_f27257.jpg,data/images/test/frame_1051_f27257.jpg,result/f10-20261004-132719-s6610110190-w64h36-b4-e30/masks/frame_1051_f27257.png,1faa91b08c6aec0c489a98f93f1da269b25159bca8c266c746604440666a9da5
frame_1052_f27283.jpg,data/images/test/frame_1052_f27283.jpg,result/f10-20261004-132719-s6610110190-w64h36-b4-e30/masks/frame_1052_f27283.png,5246e33dd079953fb3e1fb812f5824474605866b4dc893c0f4580ee30ab093b3
frame_1053_f27309.jpg,data/images/test/frame_1053_f27309.jpg,result/f10-20261004-132719-s6610110190-w64h36-b4-e30/masks/frame_1053_f27309.png,81e10acea28fb690aef8bf949118fd25b667893b7f5fea30023ed6b69b63cc89
frame_1054_f27335.jpg,data/images/test/frame_1054_f27335.jpg,result/f10-20261004-132719-s6610110190-w64h36-b4-e30/masks/frame_1054_f27335.png,798b1adafa6d631148272f4c65a4d043988de4458efb00d4e241aa3a57c5e6f3
frame_1055_f27361.jpg,data/images/test/frame_1055_f27361.jpg,result/f10-20261004-132719-s6610110190-w64h36-b4-e30/masks/frame_1055_f27361.png,1f349b6e3818de08bde86f4e7abe70515c570c788dabf05d92386a718a0ff814
frame_1056_f27387.jpg,data/images/test/frame_1056_f27387.jpg,result/f10-20261004-132719-s6610110190-w64h36-b4-e30/masks/frame_1056_f27387.png,2ac1fb7ac27b1d422964a6800bb4069bfa603e83ae52e3ac3f60abef79bc95a8
frame_1057_f27413.jpg,data/images/test/frame_1057_f27413.jpg,result/f10-20261004-132719-s6610110190-w64h36-b4-e30/masks/frame_1057_f27413.png,244a104f0a57d28c850fecef8a31223df15526c9f034805e3eb139ab3bdf11d8
frame_1058_f27439.jpg,data/images/test/frame_1058_f27439.jpg,result/f10-20261004-132719-s6610110190-w64h36-b4-e30/masks/frame_1058_f27439.png,b6d0405974ef6085b97f33ca4fea2bc70c7c5c109f93234f2e324744a70ac6c0
frame_1059_f27465.jpg,data/images/test/frame_1059_f27465.jpg,result/f10-20261004-132719-s6610110190-w64h36-b4-e30/masks/frame_1059_f27465.png,3030bf9dd93ea33b4d4c72af8edd62517244b4d47c2127efb707437d8a5577bf
frame_1060_f27491.jpg,data/images/test/frame_1060_f27491.jpg,result/f10-20261004-132719-s6610110190-w64h36-b4-e30/masks/frame_1060_f27491.png,ec8fef89883fde4cb7e1f1c1a4fbf35e4688c0bf375954df177bdb5bac704d67
frame_1061_f27517.jpg,data/images/test/frame_1061_f27517.jpg,result/f10-20261004-132719-s6610110190-w64h36-b4-e30/masks/frame_1061_f27517.png,be9cacd25c6d3dee6f05dbc9ff6461ce752967cf6d8075018b5e2033ff2ce59b
frame_1062_f27543.jpg,data/images/test/frame_1062_f27543.jpg,result/f10-20261004-132719-s6610110190-w64h36-b4-e30/masks/frame_1062_f27543.png,8511dbe52e891268b9ef2a8ee001221b91a61ff84512ed232fa61d8a22d3ecf6
frame_1063_f27569.jpg,data/images/test/frame_1063_f27569.jpg,result/f10-20261004-132719-s6610110190-w64h36-b4-e30/masks/frame_1063_f27569.png,1b99a0c9dc41fabdb1b51611de0b22c9f65a38247d47c4982d37ea4d79003ab6
frame_1064_f27594.jpg,data/images/test/frame_1064_f27594.jpg,result/f10-20261004-132719-s6610110190-w64h36-b4-e30/masks/frame_1064_f27594.png,fc64de5be2692431ccc3f3e0e704bdfabf191ecdff8a015488dda99da0c5951f
frame_1065_f27620.jpg,data/images/test/frame_1065_f27620.jpg,result/f10-20261004-132719-s6610110190-w64h36-b4-e30/masks/frame_1065_f27620.png,0d087edd9859d2b8a7085bde7a7e2b9c312d5e0103ec0c5679fa6c578b473c3c
frame_1066_f27646.jpg,data/images/test/frame_1066_f27646.jpg,result/f10-20261004-132719-s6610110190-w64h36-b4-e30/masks/frame_1066_f27646.png,b963e9e2fb70b62539bb9644e0391cb153fd3af053d81e13b967b0114429923a
frame_1067_f27672.jpg,data/images/test/frame_1067_f27672.jpg,result/f10-20261004-132719-s6610110190-w64h36-b4-e30/masks/frame_1067_f27672.png,623562161fb2489e270a1fb5aa6fba3a1ec985d26f1730841a996ab80b54e4ce
frame_1068_f27698.jpg,data/images/test/frame_1068_f27698.jpg,result/f10-20261004-132719-s6610110190-w64h36-b4-e30/masks/frame_1068_f27698.png,2e2402f9a1762bc068d1a44a00fb44e68e0216e11ae54efd773efd4d2889e0d3
frame_1069_f27724.jpg,data/images/test/frame_1069_f27724.jpg,result/f10-20261004-132719-s6610110190-w64h36-b4-e30/masks/frame_1069_f27724.png,09edc387718ff1016cc3e4903c90a825de3c1d306a488426b9c2057cf7e00c9b
frame_1070_f27750.jpg,data/images/test/frame_1070_f27750.jpg,result/f10-20261004-132719-s6610110190-w64h36-b4-e30/masks/frame_1070_f27750.png,909d42ae457c845b8170f8077156804107a523d66ff6ef693b6d525360ad5bcf
frame_1071_f27776.jpg,data/images/test/frame_1071_f27776.jpg,result/f10-20261004-132719-s6610110190-w64h36-b4-e30/masks/frame_1071_f27776.png,30b5d8ffba5716e58b62e0d733362c86c064e2312cd04d8e66bb387fa7d63c0e
frame_1072_f27802.jpg,data/images/test/frame_1072_f27802.jpg,result/f10-20261004-132719-s6610110190-w64h36-b4-e30/masks/frame_1072_f27802.png,5e590409b5c70fe4ce4372337ba0eac2876484823b2aec4a2f844d42c6ce75bb
frame_1073_f27828.jpg,data/images/test/frame_1073_f27828.jpg,result/f10-20261004-132719-s6610110190-w64h36-b4-e30/masks/frame_1073_f27828.png,3a5b8442ca0c6eac0d432fed27851576a3842cef5d26534a5f469d8997d34ee8
frame_1074_f27854.jpg,data/images/test/frame_1074_f27854.jpg,result/f10-20261004-132719-s6610110190-w64h36-b4-e30/masks/frame_1074_f27854.png,b05fb2e98ebeb3f1be11c449ef4bd48fe9c1ff92dc93d9275511043d72c5c647
frame_1075_f27880.jpg,data/images/test/frame_1075_f27880.jpg,result/f10-20261004-132719-s6610110190-w64h36-b4-e30/masks/frame_1075_f27880.png,cac4a669f61d05a0fad0fb713e40d4ab36a2a8527b9cf311a097047147653dd1
frame_1076_f27906.jpg,data/images/test/frame_1076_f27906.jpg,result/f10-20261004-132719-s6610110190-w64h36-b4-e30/masks/frame_1076_f27906.png,f2b0ed7ea4ea098f071d42be9b4ef70ea3adb720bfe0c2cfe42489eb9d06a61c
frame_1077_f27932.jpg,data/images/test/frame_1077_f27932.jpg,result/f10-20261004-132719-s6610110190-w64h36-b4-e30/masks/frame_1077_f27932.png,2df34808487af80acff344b14afc940ee2574497916e018d5c6cd58b4a7c98ee
frame_1078_f27958.jpg,data/images/test/frame_1078_f27958.jpg,result/f10-20261004-132719-s6610110190-w64h36-b4-e30/masks/frame_1078_f27958.png,50f3d8c1752805b75694e7c6eb854b4f795077e1364e34b4dcfeea3ba4f6c60e
frame_1079_f27983.jpg,data/images/test/frame_1079_f27983.jpg,result/f10-20261004-132719-s6610110190-w64h36-b4-e30/masks/frame_1079_f27983.png,76311df52515bfff9897a57769599ba5d219da7f8799caa809b7557ae86fd5a3
frame_1080_f28009.jpg,data/images/test/frame_1080_f28009.jpg,result/f10-20261004-132719-s6610110190-w64h36-b4-e30/masks/frame_1080_f28009.png,5bffa586692805852cea9a0db8fa385b94a1bc1b58547a7af7a1f825d792333d
frame_1081_f28035.jpg,data/images/test/frame_1081_f28035.jpg,result/f10-20261004-132719-s6610110190-w64h36-b4-e30/masks/frame_1081_f28035.png,7dce15133b0a0d91e656b03df28e207dbdcb404d14f054eb2d7aab4be5475abc
frame_1082_f28061.jpg,data/images/test/frame_1082_f28061.jpg,result/f10-20261004-132719-s6610110190-w64h36-b4-e30/masks/frame_1082_f28061.png,8a5105f83bb2d52ead844611c792dc7762dd9de60e2c6825989d14205ee29057
frame_1083_f28087.jpg,data/images/test/frame_1083_f28087.jpg,result/f10-20261004-132719-s6610110190-w64h36-b4-e30/masks/frame_1083_f28087.png,1df3c438d170bb65354486cc2095c15d19f901372985a4773705b3058f4de6ec
frame_1084_f28113.jpg,data/images/test/frame_1084_f28113.jpg,result/f10-20261004-132719-s6610110190-w64h36-b4-e30/masks/frame_1084_f28113.png,1acc168aa9691b2c11c3d8618c13994761db86d78a725756b3e7f8bcb3a490f2
frame_1085_f28139.jpg,data/images/test/frame_1085_f28139.jpg,result/f10-20261004-132719-s6610110190-w64h36-b4-e30/masks/frame_1085_f28139.png,35f4917f49d759e4207475b680dc26dc2c5f99f2475af647a5cf0b0f24484039
frame_1086_f28165.jpg,data/images/test/frame_1086_f28165.jpg,result/f10-20261004-132719-s6610110190-w64h36-b4-e30/masks/frame_1086_f28165.png,03a92df0597b245fb80ce9f9db98fb3c87968b3cb0704df3654e606c03cac1f7
frame_1087_f28191.jpg,data/images/test/frame_1087_f28191.jpg,result/f10-20261004-132719-s6610110190-w64h36-b4-e30/masks/frame_1087_f28191.png,7a771359e2e92f0c226f5b8447ab939d9a8d8c0d174e8bb5db91146c7be5cd0a
frame_1088_f28217.jpg,data/images/test/frame_1088_f28217.jpg,result/f10-20261004-132719-s6610110190-w64h36-b4-e30/masks/frame_1088_f28217.png,31fc2f9f1246182e12eecb0eebf66413b05c19716fee76b16821b2968deecf4e
frame_1089_f28243.jpg,data/images/test/frame_1089_f28243.jpg,result/f10-20261004-132719-s6610110190-w64h36-b4-e30/masks/frame_1089_f28243.png,f2555f4b399a745eb4a6635bc857e06cee19ba2bb8b66519764369314a0257d3
frame_1090_f28269.jpg,data/images/test/frame_1090_f28269.jpg,result/f10-20261004-132719-s6610110190-w64h36-b4-e30/masks/frame_1090_f28269.png,e04c0a792d1789b50e95029d4f2929a5179220a4259dbe25adfe827718886f65
frame_1091_f28295.jpg,data/images/test/frame_1091_f28295.jpg,result/f10-20261004-132719-s6610110190-w64h36-b4-e30/masks/frame_1091_f28295.png,8a2e8e70ef099681e8a2f16d4d31f236adad107118b4e260eb2c99f36d74a1fd
frame_1092_f28321.jpg,data/images/test/frame_1092_f28321.jpg,result/f10-20261004-132719-s6610110190-w64h36-b4-e30/masks/frame_1092_f28321.png,fdb96447edce2b3bc51e1599cbf1aa4de130785baea3b50022a2b82e8447b501
frame_1093_f28347.jpg,data/images/test/frame_1093_f28347.jpg,result/f10-20261004-132719-s6610110190-w64h36-b4-e30/masks/frame_1093_f28347.png,1c5853b30c4ba0bffe6fefd6bb9d442437f63f4b2b29851ff21822f8978805f4
frame_1094_f28372.jpg,data/images/test/frame_1094_f28372.jpg,result/f10-20261004-132719-s6610110190-w64h36-b4-e30/masks/frame_1094_f28372.png,4d0c9bb4ad917f0e77e75ebe3695e5062205908622aa66c7064df0e04c0c143a
frame_1095_f28398.jpg,data/images/test/frame_1095_f28398.jpg,result/f10-20261004-132719-s6610110190-w64h36-b4-e30/masks/frame_1095_f28398.png,6c6e0167c0e5e2df37c66cd09db3830f563515450e69ef0d16a0a3150642db71
frame_1096_f28424.jpg,data/images/test/frame_1096_f28424.jpg,result/f10-20261004-132719-s6610110190-w64h36-b4-e30/masks/frame_1096_f28424.png,a4c908476998b6b93d54cc68690b8cbaf1c943ef6affdf54aedbadd4a21a5bd1
frame_1097_f28450.jpg,data/images/test/frame_1097_f28450.jpg,result/f10-20261004-132719-s6610110190-w64h36-b4-e30/masks/frame_1097_f28450.png,8505857432b29b94aaea467289e0f9c4318a694e68ade44d163082a75d3ca6b3
frame_1098_f28476.jpg,data/images/test/frame_1098_f28476.jpg,result/f10-20261004-132719-s6610110190-w64h36-b4-e30/masks/frame_1098_f28476.png,da2d1ef4aa31e185636670ec6363d81b48f9ecc8635f6953d37f6b71b1b2a58d
frame_1099_f28502.jpg,data/images/test/frame_1099_f28502.jpg,result/f10-20261004-132719-s6610110190-w64h36-b4-e30/masks/frame_1099_f28502.png,3cedae5d3e6dd01650ba97495a4bf9170425be2e6f01e22b737b3e5b9cb5a50f
frame_1100_f28528.jpg,data/images/test/frame_1100_f28528.jpg,result/f10-20261004-132719-s6610110190-w64h36-b4-e30/masks/frame_1100_f28528.png,fd443ec507455b86c7f18518c90c0ef5570fe01223c62cfdf91730c95907472e
frame_1101_f28554.jpg,data/images/test/frame_1101_f28554.jpg,result/f10-20261004-132719-s6610110190-w64h36-b4-e30/masks/frame_1101_f28554.png,a12b81e70752c7e60bccf6bcedf568c4c8f6a95f515d06502701033fc6313fea
frame_1102_f28580.jpg,data/images/test/frame_1102_f28580.jpg,result/f10-20261004-132719-s6610110190-w64h36-b4-e30/masks/frame_1102_f28580.png,2d7d60cc09a6a155116acf80be575b38d7981062772a6861bde862c14a27ef16
frame_1103_f28606.jpg,data/images/test/frame_1103_f28606.jpg,result/f10-20261004-132719-s6610110190-w64h36-b4-e30/masks/frame_1103_f28606.png,e8775331fb403732acca43be2b3e1b9cac1449946ea1a2f45fa3e107c7e7251c
frame_1104_f28632.jpg,data/images/test/frame_1104_f28632.jpg,result/f10-20261004-132719-s6610110190-w64h36-b4-e30/masks/frame_1104_f28632.png,23942ce4bb675ecb024142ad0f06af6459a3c9314dc4d9da335e55f21e51d406
frame_1105_f28658.jpg,data/images/test/frame_1105_f28658.jpg,result/f10-20261004-132719-s6610110190-w64h36-b4-e30/masks/frame_1105_f28658.png,68badede546ecbc8e4887cfe1571f01f041d6597234932f87971b34c449b07a0
frame_1106_f28684.jpg,data/images/test/frame_1106_f28684.jpg,result/f10-20261004-132719-s6610110190-w64h36-b4-e30/masks/frame_1106_f28684.png,bb50694fd4e6e353fad4ebd8e0d0d6540caf40f33393e7c4a448c57824622fea
frame_1107_f28710.jpg,data/images/test/frame_1107_f28710.jpg,result/f10-20261004-132719-s6610110190-w64h36-b4-e30/masks/frame_1107_f28710.png,0b8dc3bafcadfaa7ad8e7b04acc000f106e4db719d98f23d943b3864dc272297
frame_1108_f28736.jpg,data/images/test/frame_1108_f28736.jpg,result/f10-20261004-132719-s6610110190-w64h36-b4-e30/masks/frame_1108_f28736.png,8818d092f86f4e8070fdf1e028a89a16606bd710928db63472b06ee6f7ed4bec
frame_1109_f28761.jpg,data/images/test/frame_1109_f28761.jpg,result/f10-20261004-132719-s6610110190-w64h36-b4-e30/masks/frame_1109_f28761.png,eb3618aab411fe6ee30e09821b78548eff4ef6675740d02a4b68340fcce33367
frame_1110_f28787.jpg,data/images/test/frame_1110_f28787.jpg,result/f10-20261004-132719-s6610110190-w64h36-b4-e30/masks/frame_1110_f28787.png,d6aa0a31c2d2904114b5971332b77ff7fc0ebcaa7ae1817a379b30988ea8f264
frame_1111_f28813.jpg,data/images/test/frame_1111_f28813.jpg,result/f10-20261004-132719-s6610110190-w64h36-b4-e30/masks/frame_1111_f28813.png,f650a6b3fc19d9e610b91452a21bf50ebb14cbc92cc802e0f3b8a5f1c74f9f63
frame_1112_f28839.jpg,data/images/test/frame_1112_f28839.jpg,result/f10-20261004-132719-s6610110190-w64h36-b4-e30/masks/frame_1112_f28839.png,6d1caeefbfda9572ef6d4f4f71ccd4b3721f6d1db8051b96a22663d6e89418af
frame_1113_f28865.jpg,data/images/test/frame_1113_f28865.jpg,result/f10-20261004-132719-s6610110190-w64h36-b4-e30/masks/frame_1113_f28865.png,0c4204e8f2c7350092d8e8c576f1fe4da5679fa183ec4b1005151a1a497fdd66
frame_1114_f28891.jpg,data/images/test/frame_1114_f28891.jpg,result/f10-20261004-132719-s6610110190-w64h36-b4-e30/masks/frame_1114_f28891.png,61d623d73c11f50a05ec0ee7823a92dabca87e041e34b0acfba7ef036696ddaa
frame_1115_f28917.jpg,data/images/test/frame_1115_f28917.jpg,result/f10-20261004-132719-s6610110190-w64h36-b4-e30/masks/frame_1115_f28917.png,9308c5f26b8471345e6cf98310311b1fad9c44dcc412f7c74be139d1a706b752
frame_1116_f28943.jpg,data/images/test/frame_1116_f28943.jpg,result/f10-20261004-132719-s6610110190-w64h36-b4-e30/masks/frame_1116_f28943.png,ec7fecfdbd966d39eb787daae451b3b7bad688afeb2281b044ccd073db6145ec
frame_1117_f28969.jpg,data/images/test/frame_1117_f28969.jpg,result/f10-20261004-132719-s6610110190-w64h36-b4-e30/masks/frame_1117_f28969.png,5f55a0c181f6d0f42d82ab6fc2f4ba069782525dac574e9ae07cf756f9250207
frame_1118_f28995.jpg,data/images/test/frame_1118_f28995.jpg,result/f10-20261004-132719-s6610110190-w64h36-b4-e30/masks/frame_1118_f28995.png,f7e562d6069b40ff49fd63d71fbe9b15e4e3672eea0dc65c1bb90c084fd42012
frame_1119_f29021.jpg,data/images/test/frame_1119_f29021.jpg,result/f10-20261004-132719-s6610110190-w64h36-b4-e30/masks/frame_1119_f29021.png,ce7b0223f666b0bf350e14d5594094e17f2b6277c26973890b5f58370be34be0
frame_1120_f29047.jpg,data/images/test/frame_1120_f29047.jpg,result/f10-20261004-132719-s6610110190-w64h36-b4-e30/masks/frame_1120_f29047.png,ec0d99c282e03041f37ef88086502af0e9d6ab09cc4f781446a4addfb0db629d
frame_1121_f29073.jpg,data/images/test/frame_1121_f29073.jpg,result/f10-20261004-132719-s6610110190-w64h36-b4-e30/masks/frame_1121_f29073.png,497db64364965f28a39015133097416d3d6c0a9b40a30c3c09c9713a7b151223
frame_1122_f29099.jpg,data/images/test/frame_1122_f29099.jpg,result/f10-20261004-132719-s6610110190-w64h36-b4-e30/masks/frame_1122_f29099.png,77182b4d6af14c49b14fb1b6e2c2afadf87672c3ed0d16430a774efd16191566
frame_1123_f29125.jpg,data/images/test/frame_1123_f29125.jpg,result/f10-20261004-132719-s6610110190-w64h36-b4-e30/masks/frame_1123_f29125.png,c83251ef2b5aca9d56a6fa053869a75e8287888303dcecbe907f7c787533ee41
frame_1124_f29151.jpg,data/images/test/frame_1124_f29151.jpg,result/f10-20261004-132719-s6610110190-w64h36-b4-e30/masks/frame_1124_f29151.png,ff66f496449216df97b3cf06b3c5e22c5fdb6f695d4bae3c1dde0d1ade2af047
frame_1125_f29176.jpg,data/images/test/frame_1125_f29176.jpg,result/f10-20261004-132719-s6610110190-w64h36-b4-e30/masks/frame_1125_f29176.png,c817a5db9b1bf67f7b4026a84dce116dc261df27c1ba2a4b09ddd75ca7733ff8
frame_1126_f29202.jpg,data/images/test/frame_1126_f29202.jpg,result/f10-20261004-132719-s6610110190-w64h36-b4-e30/masks/frame_1126_f29202.png,a6b62bbaa4453c001a12d887d9ead287f71525ba66905e1f9ee9f3a9df00ca09
frame_1127_f29228.jpg,data/images/test/frame_1127_f29228.jpg,result/f10-20261004-132719-s6610110190-w64h36-b4-e30/masks/frame_1127_f29228.png,799079b56c41bd25f9b51c64607b5e6253847f966fddf518922827b7b39f5860
frame_1128_f29254.jpg,data/images/test/frame_1128_f29254.jpg,result/f10-20261004-132719-s6610110190-w64h36-b4-e30/masks/frame_1128_f29254.png,865dd669300aaa61a3ceb7a307cdbf4842f8f17c90f26620430cc46daf636966
frame_1129_f29280.jpg,data/images/test/frame_1129_f29280.jpg,result/f10-20261004-132719-s6610110190-w64h36-b4-e30/masks/frame_1129_f29280.png,6a0ebd4cc7c4f2bfa50a08871d96a81815d9eb2e29f17563aa22df736434197a
frame_1130_f29306.jpg,data/images/test/frame_1130_f29306.jpg,result/f10-20261004-132719-s6610110190-w64h36-b4-e30/masks/frame_1130_f29306.png,8a25deae379b2f24fc11d4ec2bb996091416a5c433ef9ac840bd487d680cdf0f
frame_1131_f29332.jpg,data/images/test/frame_1131_f29332.jpg,result/f10-20261004-132719-s6610110190-w64h36-b4-e30/masks/frame_1131_f29332.png,627cb81367375f9183d26f58a0ba5e7a4b0349c76b61ead2334ea557414fc752
frame_1132_f29358.jpg,data/images/test/frame_1132_f29358.jpg,result/f10-20261004-132719-s6610110190-w64h36-b4-e30/masks/frame_1132_f29358.png,a6fcf6cf2cb98244834fe0ad44d7d73c294faf0997d07b00c07866ead40c3dc4
frame_1133_f29384.jpg,data/images/test/frame_1133_f29384.jpg,result/f10-20261004-132719-s6610110190-w64h36-b4-e30/masks/frame_1133_f29384.png,04f2fb3eafd5ff6e68943e56d2c17ddb80dbdc27594dc4bcc3a1cdc6c0ce803d
frame_1134_f29410.jpg,data/images/test/frame_1134_f29410.jpg,result/f10-20261004-132719-s6610110190-w64h36-b4-e30/masks/frame_1134_f29410.png,a83b7ee0b9d976bfd163895d7f4613badd0cd4fff6c61364ba8ccca95760e680
frame_1135_f29436.jpg,data/images/test/frame_1135_f29436.jpg,result/f10-20261004-132719-s6610110190-w64h36-b4-e30/masks/frame_1135_f29436.png,2497a65b72e115eacca345b68146ec73bfd493c2ab477e7839b1aace42da6d2e
frame_1136_f29462.jpg,data/images/test/frame_1136_f29462.jpg,result/f10-20261004-132719-s6610110190-w64h36-b4-e30/masks/frame_1136_f29462.png,53eaed9b5b7c00a1eb964b851676070e38a9801ccdac078b3b98913c88296f4b
frame_1137_f29488.jpg,data/images/test/frame_1137_f29488.jpg,result/f10-20261004-132719-s6610110190-w64h36-b4-e30/masks/frame_1137_f29488.png,09df22459f2eecd83354c47f9e15ba833ddb4a0b08e560342b06adcda0ba45eb
frame_1138_f29514.jpg,data/images/test/frame_1138_f29514.jpg,result/f10-20261004-132719-s6610110190-w64h36-b4-e30/masks/frame_1138_f29514.png,5f0ddcf1b855dd38d44afa3ff7948214843843423f26d7c269589307b6a73116
frame_1139_f29540.jpg,data/images/test/frame_1139_f29540.jpg,result/f10-20261004-132719-s6610110190-w64h36-b4-e30/masks/frame_1139_f29540.png,7dba429046145a27dd42c60231d1889045a60c623253b31e45472b0516adb200
frame_1140_f29565.jpg,data/images/test/frame_1140_f29565.jpg,result/f10-20261004-132719-s6610110190-w64h36-b4-e30/masks/frame_1140_f29565.png,92b6386ef5f60666c6391191e9256722f8012882459d2ba60cae258f8111a863
frame_1141_f29591.jpg,data/images/test/frame_1141_f29591.jpg,result/f10-20261004-132719-s6610110190-w64h36-b4-e30/masks/frame_1141_f29591.png,349821ac3a5397519775b510952d8c7c036791e3e4bcf3f20b5f8c825f0ccb9d
frame_1142_f29617.jpg,data/images/test/frame_1142_f29617.jpg,result/f10-20261004-132719-s6610110190-w64h36-b4-e30/masks/frame_1142_f29617.png,12f3f2d04ae58eccc0a706cca40975d3de4a98b55f895ea931eb9a04dade4d99
frame_1143_f29643.jpg,data/images/test/frame_1143_f29643.jpg,result/f10-20261004-132719-s6610110190-w64h36-b4-e30/masks/frame_1143_f29643.png,ba5bafc46c784e7dacbbebac1a1d8ffcee6cd290809a42883263b7691d96cded
frame_1144_f29669.jpg,data/images/test/frame_1144_f29669.jpg,result/f10-20261004-132719-s6610110190-w64h36-b4-e30/masks/frame_1144_f29669.png,4ff70978c8eeedab208b78490df35e2ab32b5b30542564ef01b9ead50a1a1b61
frame_1145_f29695.jpg,data/images/test/frame_1145_f29695.jpg,result/f10-20261004-132719-s6610110190-w64h36-b4-e30/masks/frame_1145_f29695.png,904b5ba8e5f32872011a47cb5a486ebc3e10f6019971edf7919caaba0650e7d1
frame_1146_f29721.jpg,data/images/test/frame_1146_f29721.jpg,result/f10-20261004-132719-s6610110190-w64h36-b4-e30/masks/frame_1146_f29721.png,1d62cf65efdfc29fb21efcb2fc16b4d17be31d22ffb8998a1f15e904ac3b9098
frame_1147_f29747.jpg,data/images/test/frame_1147_f29747.jpg,result/f10-20261004-132719-s6610110190-w64h36-b4-e30/masks/frame_1147_f29747.png,caa8dbdabcff6272aa5b844b6cabf9c58c35a1ffca78a6b0876c0b2d5f8b5022
frame_1148_f29773.jpg,data/images/test/frame_1148_f29773.jpg,result/f10-20261004-132719-s6610110190-w64h36-b4-e30/masks/frame_1148_f29773.png,26902735c86fb8dd1aec826f6f2ff901f77335ccd0dd0328aab94dad6c6c9ea7
frame_1149_f29799.jpg,data/images/test/frame_1149_f29799.jpg,result/f10-20261004-132719-s6610110190-w64h36-b4-e30/masks/frame_1149_f29799.png,47dd53cb4fa9d1651adeef7f208f7f2201f67b5cc72d0b747157ade9d4cd12fb
frame_1150_f29825.jpg,data/images/test/frame_1150_f29825.jpg,result/f10-20261004-132719-s6610110190-w64h36-b4-e30/masks/frame_1150_f29825.png,ae7d5da2d04eedd212021c0efa1ba93009f22608258a485bcbf946929bc6581c
frame_1151_f29851.jpg,data/images/test/frame_1151_f29851.jpg,result/f10-20261004-132719-s6610110190-w64h36-b4-e30/masks/frame_1151_f29851.png,3f0a3bdee9c7a249593ad3806a647c66d378fb3efd1868afc3f8a0b3ebc82330
frame_1152_f29877.jpg,data/images/test/frame_1152_f29877.jpg,result/f10-20261004-132719-s6610110190-w64h36-b4-e30/masks/frame_1152_f29877.png,525d9b9dd9c9869a20853b7f6beb8972338bc298ac26bd2689fc9dfb9c93d0c1
frame_1153_f29903.jpg,data/images/test/frame_1153_f29903.jpg,result/f10-20261004-132719-s6610110190-w64h36-b4-e30/masks/frame_1153_f29903.png,6605481124d3072525e9d17cc12a29eca7e77b342626b71bd29763c4adb5fde0
frame_1154_f29929.jpg,data/images/test/frame_1154_f29929.jpg,result/f10-20261004-132719-s6610110190-w64h36-b4-e30/masks/frame_1154_f29929.png,7947f70d25a0e02cd7876af31b79e32eb6ca8c40908a2fccda988b0f84769283
frame_1155_f29954.jpg,data/images/test/frame_1155_f29954.jpg,result/f10-20261004-132719-s6610110190-w64h36-b4-e30/masks/frame_1155_f29954.png,51919dd56106b193776952245e2043acd05e9f0799ee844853dd7789449536ea
frame_1156_f29980.jpg,data/images/test/frame_1156_f29980.jpg,result/f10-20261004-132719-s6610110190-w64h36-b4-e30/masks/frame_1156_f29980.png,4a8a91eb6c382344398a8bc6546893a99cffba0faf2cf02077e13978cdfcf9ef
frame_1157_f30006.jpg,data/images/test/frame_1157_f30006.jpg,result/f10-20261004-132719-s6610110190-w64h36-b4-e30/masks/frame_1157_f30006.png,f805e76153fbe0f62ab8182730f55e83e5140932c7be1cdbc2d7b95fe1d9ec5e
frame_1158_f30032.jpg,data/images/test/frame_1158_f30032.jpg,result/f10-20261004-132719-s6610110190-w64h36-b4-e30/masks/frame_1158_f30032.png,ccf2ef88b6d6b5df241fafa3f9d69983a6c62478c6f5cd43b0b1d1fa39da9fea
frame_1159_f30058.jpg,data/images/test/frame_1159_f30058.jpg,result/f10-20261004-132719-s6610110190-w64h36-b4-e30/masks/frame_1159_f30058.png,877aab5db106a0c8fedfb975e36809359a2a05de9eb7bc3dbd957fbb9b130c30
frame_1160_f30084.jpg,data/images/test/frame_1160_f30084.jpg,result/f10-20261004-132719-s6610110190-w64h36-b4-e30/masks/frame_1160_f30084.png,cd1d2131fa10c68a6f4f3b307702b14b1931542d46ae5d7ca330670f8cb60d83
frame_1161_f30110.jpg,data/images/test/frame_1161_f30110.jpg,result/f10-20261004-132719-s6610110190-w64h36-b4-e30/masks/frame_1161_f30110.png,e14f5a19831adf27444ed16a8271efb5fceff9ab35e67aa6ec37263e21e8700f
frame_1162_f30136.jpg,data/images/test/frame_1162_f30136.jpg,result/f10-20261004-132719-s6610110190-w64h36-b4-e30/masks/frame_1162_f30136.png,42da5c58c86dbde295d0104597da3dd327df85e57f8a066730b42b308c4d86ae
frame_1163_f30162.jpg,data/images/test/frame_1163_f30162.jpg,result/f10-20261004-132719-s6610110190-w64h36-b4-e30/masks/frame_1163_f30162.png,bff89cd151c8b247db9b686039a40c304697e443d03b94da392d6615a70cd4e4
frame_1164_f30188.jpg,data/images/test/frame_1164_f30188.jpg,result/f10-20261004-132719-s6610110190-w64h36-b4-e30/masks/frame_1164_f30188.png,7fb5a81a4ea38ba3988c3cb1d4889708577bd30fa1522b1330dfe102c731045f
frame_1165_f30214.jpg,data/images/test/frame_1165_f30214.jpg,result/f10-20261004-132719-s6610110190-w64h36-b4-e30/masks/frame_1165_f30214.png,ffbe1b27692e8df909885016fce64261290ac26dfc2b8bbd614650d767d5ea40
frame_1166_f30240.jpg,data/images/test/frame_1166_f30240.jpg,result/f10-20261004-132719-s6610110190-w64h36-b4-e30/masks/frame_1166_f30240.png,207d9333652df71a64a2b8a7b567a7e2ee0d523282bb17eb7a4948fd4b1caa0d
frame_1167_f30266.jpg,data/images/test/frame_1167_f30266.jpg,result/f10-20261004-132719-s6610110190-w64h36-b4-e30/masks/frame_1167_f30266.png,f6640c26d11fdf9f98e8f49ed939344b27ca222254636f1e0ed53a10691c87c2
frame_1168_f30292.jpg,data/images/test/frame_1168_f30292.jpg,result/f10-20261004-132719-s6610110190-w64h36-b4-e30/masks/frame_1168_f30292.png,c98dfc1d156bfd813a77f4c230fa7e1e332e57c0c8b1cb115c724932490af8f2
frame_1169_f30318.jpg,data/images/test/frame_1169_f30318.jpg,result/f10-20261004-132719-s6610110190-w64h36-b4-e30/masks/frame_1169_f30318.png,39cdaece51a55aa486f9bfb91caee055b4f05328dcad3654ecf86ef999fff20b
frame_1170_f30344.jpg,data/images/test/frame_1170_f30344.jpg,result/f10-20261004-132719-s6610110190-w64h36-b4-e30/masks/frame_1170_f30344.png,7df3cdf4629149cfa0d6b362da18da7685363f4e77cf4b87688c50c2467752d7
frame_1171_f30369.jpg,data/images/test/frame_1171_f30369.jpg,result/f10-20261004-132719-s6610110190-w64h36-b4-e30/masks/frame_1171_f30369.png,54eed1c26abde1cad5c4a909966256ebe6f046dd51b0d53b1267d753b310e1c0
frame_1172_f30395.jpg,data/images/test/frame_1172_f30395.jpg,result/f10-20261004-132719-s6610110190-w64h36-b4-e30/masks/frame_1172_f30395.png,b4a3eb60ccd4368aa6863dc14c1fb2ed09cd5294a898a38fdcdf4dd0b3a10d10
frame_1173_f30421.jpg,data/images/test/frame_1173_f30421.jpg,result/f10-20261004-132719-s6610110190-w64h36-b4-e30/masks/frame_1173_f30421.png,eaab8ba4296fc6e230881c960d61bbcadfa52cd756e1b37294de1909f963097c
frame_1174_f30447.jpg,data/images/test/frame_1174_f30447.jpg,result/f10-20261004-132719-s6610110190-w64h36-b4-e30/masks/frame_1174_f30447.png,4a1c2741c01fde9b650329bcbfa609995df7fda06dca584d6fbecd51aac90b7e
frame_1175_f30473.jpg,data/images/test/frame_1175_f30473.jpg,result/f10-20261004-132719-s6610110190-w64h36-b4-e30/masks/frame_1175_f30473.png,544e505877d8a5b25077ac7760d136aae92b2b96eb1803eaa375dc31a104fd34
frame_1176_f30499.jpg,data/images/test/frame_1176_f30499.jpg,result/f10-20261004-132719-s6610110190-w64h36-b4-e30/masks/frame_1176_f30499.png,e4feb73f12bc3ef7ca176c242a0e8319edddbc831431b5f5dd78862500963d87
frame_1177_f30525.jpg,data/images/test/frame_1177_f30525.jpg,result/f10-20261004-132719-s6610110190-w64h36-b4-e30/masks/frame_1177_f30525.png,d4b85786383b9c801200965b3bd6055e29c4b7970dafe652fca09c8ffee380dd
frame_1178_f30551.jpg,data/images/test/frame_1178_f30551.jpg,result/f10-20261004-132719-s6610110190-w64h36-b4-e30/masks/frame_1178_f30551.png,e79e11fd698637949e5f5a1b143a60b63a1337e119b86dcce069c78849d7a2d5
frame_1179_f30577.jpg,data/images/test/frame_1179_f30577.jpg,result/f10-20261004-132719-s6610110190-w64h36-b4-e30/masks/frame_1179_f30577.png,706622d0329bbc298ae5d17d0d629bcea891140b95c250579bf9215f98dbbd00
frame_1180_f30603.jpg,data/images/test/frame_1180_f30603.jpg,result/f10-20261004-132719-s6610110190-w64h36-b4-e30/masks/frame_1180_f30603.png,0c102fa575c7530ee7795140d783876f156c5ebba0542cf0a054a27d095335d8
frame_1181_f30629.jpg,data/images/test/frame_1181_f30629.jpg,result/f10-20261004-132719-s6610110190-w64h36-b4-e30/masks/frame_1181_f30629.png,994078e268db5719b89bb94494a87239b02e1946d88ededd2b3a0ad6e36a7460
frame_1182_f30655.jpg,data/images/test/frame_1182_f30655.jpg,result/f10-20261004-132719-s6610110190-w64h36-b4-e30/masks/frame_1182_f30655.png,9bc7db8f3e460ce1b142a93b2911d2889a45ab1f4508d3b8312d22c60244014a
frame_1183_f30681.jpg,data/images/test/frame_1183_f30681.jpg,result/f10-20261004-132719-s6610110190-w64h36-b4-e30/masks/frame_1183_f30681.png,09b039fa8cc550ebb109e0a31fb3372c3f05e2a0ce98cada414a9bf1d3ae4b73
frame_1184_f30707.jpg,data/images/test/frame_1184_f30707.jpg,result/f10-20261004-132719-s6610110190-w64h36-b4-e30/masks/frame_1184_f30707.png,014b3afc43229661d9d2c75bff89e0e400bde4c62abea5331f81cd834262cfb9
frame_1185_f30733.jpg,data/images/test/frame_1185_f30733.jpg,result/f10-20261004-132719-s6610110190-w64h36-b4-e30/masks/frame_1185_f30733.png,a6b653d0cb6b1c673110d711246ae5961bcd798726b1c14c7a704ad9fe9bdcf3
frame_1186_f30758.jpg,data/images/test/frame_1186_f30758.jpg,result/f10-20261004-132719-s6610110190-w64h36-b4-e30/masks/frame_1186_f30758.png,ee868f483dedf015b5f1411441c676537b026d25387dcfc5baecd109764ed341
frame_1187_f30784.jpg,data/images/test/frame_1187_f30784.jpg,result/f10-20261004-132719-s6610110190-w64h36-b4-e30/masks/frame_1187_f30784.png,4eba96c9e0cdf1a83175929199ab622901a6af62d2746799a3b9513afe0b1e36
frame_1188_f30810.jpg,data/images/test/frame_1188_f30810.jpg,result/f10-20261004-132719-s6610110190-w64h36-b4-e30/masks/frame_1188_f30810.png,5d71cbb552a1383161f6ebc2f2fea2e0cba57fc125ed7434df3db537c99a502d
frame_1189_f30836.jpg,data/images/test/frame_1189_f30836.jpg,result/f10-20261004-132719-s6610110190-w64h36-b4-e30/masks/frame_1189_f30836.png,8959f9865d90709cbbf7d1201d2f425c3f2c0eb184dcaa85f620b1b8a45f3408
frame_1190_f30862.jpg,data/images/test/frame_1190_f30862.jpg,result/f10-20261004-132719-s6610110190-w64h36-b4-e30/masks/frame_1190_f30862.png,321d8a64475c84a08e10d51992aa4d90e8a0f97bd160a9e0bfcbde1ebaac42d8
frame_1191_f30888.jpg,data/images/test/frame_1191_f30888.jpg,result/f10-20261004-132719-s6610110190-w64h36-b4-e30/masks/frame_1191_f30888.png,ae52e7ca34f12e23e1feb6fd79ae9c7e7d00a657857b51150e0666eee43a2272
frame_1192_f30914.jpg,data/images/test/frame_1192_f30914.jpg,result/f10-20261004-132719-s6610110190-w64h36-b4-e30/masks/frame_1192_f30914.png,0b2a86d56b7f396395488a0e176e89adc0c1643b7545690353473d88e7392992
frame_1193_f30940.jpg,data/images/test/frame_1193_f30940.jpg,result/f10-20261004-132719-s6610110190-w64h36-b4-e30/masks/frame_1193_f30940.png,2d3856e935393662d239ed281c752f7837223fc5658249268ffe1ea173de8c3f
frame_1194_f30966.jpg,data/images/test/frame_1194_f30966.jpg,result/f10-20261004-132719-s6610110190-w64h36-b4-e30/masks/frame_1194_f30966.png,145805d9225fc6808456e21d297b0776e5973dbc56d580b3cfacc58b92de83fb
frame_1195_f30992.jpg,data/images/test/frame_1195_f30992.jpg,result/f10-20261004-132719-s6610110190-w64h36-b4-e30/masks/frame_1195_f30992.png,2f6b7e8283a48cb915a073b493684353f9a8d074403195beb023aa802547ac16
frame_1196_f31018.jpg,data/images/test/frame_1196_f31018.jpg,result/f10-20261004-132719-s6610110190-w64h36-b4-e30/masks/frame_1196_f31018.png,714b833ef80d4867fa05de07fc62f4dc7f15bd9918882f5d6540588da904e710
frame_1197_f31044.jpg,data/images/test/frame_1197_f31044.jpg,result/f10-20261004-132719-s6610110190-w64h36-b4-e30/masks/frame_1197_f31044.png,eae18271dff88ad90db2a14334ad446d223c21cc20e59e6f2c4f39757ada8399
frame_1198_f31070.jpg,data/images/test/frame_1198_f31070.jpg,result/f10-20261004-132719-s6610110190-w64h36-b4-e30/masks/frame_1198_f31070.png,bdc398d291d87dfd7750ca3e884ac0001c3cc6d4fe26c6ceded5727478df019a
frame_1199_f31096.jpg,data/images/test/frame_1199_f31096.jpg,result/f10-20261004-132719-s6610110190-w64h36-b4-e30/masks/frame_1199_f31096.png,1bb270b3b692f52d5dd537ba9fa75fa8168d57ab1665db381a25e822bf172532
frame_1200_f31122.jpg,data/images/test/frame_1200_f31122.jpg,result/f10-20261004-132719-s6610110190-w64h36-b4-e30/masks/frame_1200_f31122.png,2ae6ac504e164830ecc8cf6db8fe17843e880fc96051c9b3b71a3f94a25161bb
frame_1201_f31147.jpg,data/images/test/frame_1201_f31147.jpg,result/f10-20261004-132719-s6610110190-w64h36-b4-e30/masks/frame_1201_f31147.png,3b478e84a1a4acc6bda140afcd45e6724dd95b818283ab59d34c17c0bdb243cb
frame_1202_f31173.jpg,data/images/test/frame_1202_f31173.jpg,result/f10-20261004-132719-s6610110190-w64h36-b4-e30/masks/frame_1202_f31173.png,b4e644200c1555fdcea5db1908831daac25eedff1aa9da80d37b7b7ef9986777
