basename,duplicate_path,kept_path,sha256
frame_0400_f10374.jpg,frame402-802/400-449_completed/images/frame_0400_f10374.jpg,frame2-401/images/frame_0400_f10374.jpg,79d208d4efeb40cdf827b9c115b5180c52acd16c816031be12d3371bfd5cc1dd
frame_0401_f10400.jpg,frame402-802/400-449_completed/images/frame_0401_f10400.jpg,frame2-401/images/frame_0401_f10400.jpg,5304fcd08e0beaf82cf95b113ec1414500231c441ed55d20bd8fbe0c4bce4c33
frame_0650_f16858.jpg,frame402-802/650-699_completed/images/frame_0650_f16858.jpg,frame402-802/600-649_completed/images/frame_0650_f16858.jpg,94f7027835d5918f60c222f8467dd5f561adb0f1531b1d03d77c542101212ff0
frame_0651_f16883.jpg,frame402-802/650-699_completed/images/frame_0651_f16883.jpg,frame402-802/600-649_completed/images/frame_0651_f16883.jpg,1b6a36a9e83c9a3b6a08cbf90fac8b6e28aecf6d72d18896fa32a37fa371b564
frame_0652_f16909.jpg,frame402-802/650-699_completed/images/frame_0652_f16909.jpg,frame402-802/600-649_completed/images/frame_0652_f16909.jpg,e0240ecda008e0aa7a3de45da08fd7cf519e408393d2879572589195e843e4e9
frame_0653_f16935.jpg,frame402-802/650-699_completed/images/frame_0653_f16935.jpg,frame402-802/600-649_completed/images/frame_0653_f16935.jpg,d366adc539bacef57822866b9521f5475f28679e1efcf12dc44b24608c807a1a
frame_0654_f16961.jpg,frame402-802/650-699_completed/images/frame_0654_f16961.jpg,frame402-802/600-649_completed/images/frame_0654_f16961.jpg,0efc9ec709d7c426835b5421e6261ad60d0ffc9808e819353ef587a33a221da2
frame_0655_f16987.jpg,frame402-802/650-699_completed/images/frame_0655_f16987.jpg,frame402-802/600-649_completed/images/frame_0655_f16987.jpg,bb59f9b6eccc2ce4c072bc1945c616445e69ba628c13598a78a3e24c1d7fca6a
frame_0656_f17013.jpg,frame402-802/650-699_completed/images/frame_0656_f17013.jpg,frame402-802/600-649_completed/images/frame_0656_f17013.jpg,91268a39d372dd3c60c26950241dc4dd319b1ae5311054538d4f6a1a0eb181a2
frame_0657_f17039.jpg,frame402-802/650-699_completed/images/frame_0657_f17039.jpg,frame402-802/600-649_completed/images/frame_0657_f17039.jpg,ba1368ecdf128a62b7ed0db607eece29b2912d9a187d2a7af02a0c08db52e8cb
frame_0658_f17065.jpg,frame402-802/650-699_completed/images/frame_0658_f17065.jpg,frame402-802/600-649_completed/images/frame_0658_f17065.jpg,639936a3918921e4a253cb7f711ef90153a10a082639335a660739d8b72b7fc9
frame_0659_f17091.jpg,frame402-802/650-699_completed/images/frame_0659_f17091.jpg,frame402-802/600-649_completed/images/frame_0659_f17091.jpg,e4aa12a55992676e3fed4cb9830fc27ffd8be11c0166a31c2c18ded53639e4a3
frame_0660_f17117.jpg,frame402-802/650-699_completed/images/frame_0660_f17117.jpg,frame402-802/600-649_completed/images/frame_0660_f17117.jpg,68ce051904109ca57af63eea390e05860a29f36ecff110edc502f362717d7ad0
frame_0661_f17143.jpg,frame402-802/650-699_completed/images/frame_0661_f17143.jpg,frame402-802/600-649_completed/images/frame_0661_f17143.jpg,6faa5db4ce5dd2178af8364cb8b0ade4857425e1d8c67c4e3e1c0fbb7fb0bcd7
frame_0662_f17169.jpg,frame402-802/650-699_completed/images/frame_0662_f17169.jpg,frame402-802/600-649_completed/images/frame_0662_f17169.jpg,5a376cc84edbb86ffbe98fd2377baa10d0e755ba209640c3819f503277a4c008
frame_0663_f17195.jpg,frame402-802/650-699_completed/images/frame_0663_f17195.jpg,frame402-802/600-649_completed/images/frame_0663_f17195.jpg,9623fbe0a13ffdcfa8ae15158262f2e1c27d19f6b9705a3c59456a056a177bcc
frame_0664_f17221.jpg,frame402-802/650-699_completed/images/frame_0664_f17221.jpg,frame402-802/600-649_completed/images/frame_0664_f17221.jpg,d90165a808957e8639567a1a62c0628ac8999892cb0c7100d339530d87d23551
frame_0665_f17247.jpg,frame402-802/650-699_completed/images/frame_0665_f17247.jpg,frame402-802/600-649_completed/images/frame_0665_f17247.jpg,931170083350158ff36379764b9e0da8ecc6008fcd8aba63f8fbb41d9c9478a4
frame_0666_f17272.jpg,frame402-802/650-699_completed/images/frame_0666_f17272.jpg,frame402-802/600-649_completed/images/frame_0666_f17272.jpg,0c0303c7f4e133508297b8f9b5de2735df51703cab72cfb85c85e975b8a8284a
frame_0667_f17298.jpg,frame402-802/650-699_completed/images/frame_0667_f17298.jpg,frame402-802/600-649_completed/images/frame_0667_f17298.jpg,920697b16584303a029d2a012c943b80c3a37c5e15fd6d62af3d6461bfae5dcc
frame_0668_f17324.jpg,frame402-802/650-699_completed/images/frame_0668_f17324.jpg,frame402-802/600-649_completed/images/frame_0668_f17324.jpg,afe07dcdc4ba9efe50abeca675d17f1c85fb6199600b9b6288ae03e01a547f1b
frame_0669_f17350.jpg,frame402-802/650-699_completed/images/frame_0669_f17350.jpg,frame402-802/600-649_completed/images/frame_0669_f17350.jpg,af0574db54edfbd2c5f3b957f0b8a97848280b7bf05ed492c5f59e4ab4708018
frame_0670_f17376.jpg,frame402-802/650-699_completed/images/frame_0670_f17376.jpg,frame402-802/600-649_completed/images/frame_0670_f17376.jpg,f100e781492c926abbaa0fe886d8cc51f9a5935458f0603b03d2d835c68af6b9
frame_0671_f17402.jpg,frame402-802/650-699_completed/images/frame_0671_f17402.jpg,frame402-802/600-649_completed/images/frame_0671_f17402.jpg,99a0250efc2c31cd9f44499e3d86a576ad9c32f4260f2426d4ad056316173a78
frame_0672_f17428.jpg,frame402-802/650-699_completed/images/frame_0672_f17428.jpg,frame402-802/600-649_completed/images/frame_0672_f17428.jpg,8bb08b943df2283c9e9341515c361dc29e6bd23d13f7dfe79204ade957599c19
frame_0673_f17454.jpg,frame402-802/650-699_completed/images/frame_0673_f17454.jpg,frame402-802/600-649_completed/images/frame_0673_f17454.jpg,9a7f752a176deab43ff2ab9ac36f0322a80172823e2fe74312e39accd8be2ca0
frame_0674_f17480.jpg,frame402-802/650-699_completed/images/frame_0674_f17480.jpg,frame402-802/600-649_completed/images/frame_0674_f17480.jpg,691d455b9f68b2f5a05799b07dc1d7478afae45ce9e99d391185cbd2c9e60de5
frame_0675_f17506.jpg,frame402-802/650-699_completed/images/frame_0675_f17506.jpg,frame402-802/600-649_completed/images/frame_0675_f17506.jpg,cdffc893e626eda764f35940f4b665a087eeee5331ff97bdf211bef29f51fb1c
frame_0676_f17532.jpg,frame402-802/650-699_completed/images/frame_0676_f17532.jpg,frame402-802/600-649_completed/images/frame_0676_f17532.jpg,4ed26945cb8b347dbe8151774be9f56d968907d9a16afa29924d0642916a2110
frame_0677_f17558.jpg,frame402-802/650-699_completed/images/frame_0677_f17558.jpg,frame402-802/600-649_completed/images/frame_0677_f17558.jpg,7de9fddb96dc23a5996c636b625bd1772f5faa3f6f203af386bff3613d2145e8
frame_0678_f17584.jpg,frame402-802/650-699_completed/images/frame_0678_f17584.jpg,frame402-802/600-649_completed/images/frame_0678_f17584.jpg,972da2cdf4194cd2fa1299bf90ed01b7e7181324230c07a0741fb9e26bc1737f
frame_0679_f17610.jpg,frame402-802/650-699_completed/images/frame_0679_f17610.jpg,frame402-802/600-649_completed/images/frame_0679_f17610.jpg,05b9498e0034fe549dfc275d9dc87e38d1357da29110c9c355f449303d76a38f
frame_0680_f17636.jpg,frame402-802/650-699_completed/images/frame_0680_f17636.jpg,frame402-802/600-649_completed/images/frame_0680_f17636.jpg,9e1e2b68a59dde223f326d1bef0924c1cd889df8fc8afa845fda35020aad1e53
frame_0681_f17661.jpg,frame402-802/650-699_completed/images/frame_0681_f17661.jpg,frame402-802/600-649_completed/images/frame_0681_f17661.jpg,6178d2d753736eebc5f1d0ac0a2c8d9ad4d6f28ad7daf3a635cdfeead57932aa
frame_0682_f17687.jpg,frame402-802/650-699_completed/images/frame_0682_f17687.jpg,frame402-802/600-649_completed/images/frame_0682_f17687.jpg,8f7729241887acef961c6dce2c3e852a87de069412280294e0ca10ae61aba6f8
frame_0683_f17713.jpg,frame402-802/650-699_completed/images/frame_0683_f17713.jpg,frame402-802/600-649_completed/images/frame_0683_f17713.jpg,9cd4f5b8b9bddc4066377e0163ad6ec5a3d6214e9af9a5464ad348b7e97bcaf5
frame_0684_f17739.jpg,frame402-802/650-699_completed/images/frame_0684_f17739.jpg,frame402-802/600-649_completed/images/frame_0684_f17739.jpg,81677aace15c28b8ce0e68e0a0d27e5b8c6979bd574eca6ccc63a4565e06424e
frame_0685_f17765.jpg,frame402-802/650-699_completed/images/frame_0685_f17765.jpg,frame402-802/600-649_completed/images/frame_0685_f17765.jpg,0522028f950e98ccc1444871a9ab828d34ec053b3fd16387a394115e199e3587
frame_0686_f17791.jpg,frame402-802/650-699_completed/images/frame_0686_f17791.jpg,frame402-802/600-649_completed/images/frame_0686_f17791.jpg,3a7e4cd1458c258700c6dc7dc911b71f0cd29887076703a3585a22a8db553112
frame_0687_f17817.jpg,frame402-802/650-699_completed/images/frame_0687_f17817.jpg,frame402-802/600-649_completed/images/frame_0687_f17817.jpg,f60fdf6a0d80368ea09239581e2156fa6f97f599b96ef7e0ff6fbf71c53e499e
frame_0688_f17843.jpg,frame402-802/650-699_completed/images/frame_0688_f17843.jpg,frame402-802/600-649_completed/images/frame_0688_f17843.jpg,e97f9e4776a114758096554100156194bff2f9da06a70b4e7c1d31a39ab4ce16
frame_0689_f17869.jpg,frame402-802/650-699_completed/images/frame_0689_f17869.jpg,frame402-802/600-649_completed/images/frame_0689_f17869.jpg,a5fdd632d029d7c755aa8714957a82518f45fd34d8369cc673e62ec9edd19d71
frame_0690_f17895.jpg,frame402-802/650-699_completed/images/frame_0690_f17895.jpg,frame402-802/600-649_completed/images/frame_0690_f17895.jpg,b7a7b71b75c00621bc2b65d9b0b14d9aab4ad188d03ba11087e5003399f12875
frame_0691_f17921.jpg,frame402-802/650-699_completed/images/frame_0691_f17921.jpg,frame402-802/600-649_completed/images/frame_0691_f17921.jpg,ad3c852fcb875994f552f294032437c680ba8ac2b8bf529a944d573ef0bad321
frame_0692_f17947.jpg,frame402-802/650-699_completed/images/frame_0692_f17947.jpg,frame402-802/600-649_completed/images/frame_0692_f17947.jpg,5b7c04f6f4f3bd5832a4050f8765fc070909b6321268c43598ff09fb84a578c9
frame_0693_f17973.jpg,frame402-802/650-699_completed/images/frame_0693_f17973.jpg,frame402-802/600-649_completed/images/frame_0693_f17973.jpg,8bafdf2e799f17c5bca7eb20bb39ecd6acaa7396e657827c4f61a8c29700739a
frame_0694_f17999.jpg,frame402-802/650-699_completed/images/frame_0694_f17999.jpg,frame402-802/600-649_completed/images/frame_0694_f17999.jpg,62e20f20c9e044f506e1239b678282b3563c4fc38e7a9bc4e5934416fdcf440c
frame_0695_f18025.jpg,frame402-802/650-699_completed/images/frame_0695_f18025.jpg,frame402-802/600-649_completed/images/frame_0695_f18025.jpg,d59db51118d03c5e9d054ed42318db8b5aab72e135c078bab4fc8b51b58fb1c5
frame_0696_f18050.jpg,frame402-802/650-699_completed/images/frame_0696_f18050.jpg,frame402-802/600-649_completed/images/frame_0696_f18050.jpg,899bd59f3cbb062378be9e86f7e609c2c07d857868e586e86eadfefd84644b52
frame_0697_f18076.jpg,frame402-802/650-699_completed/images/frame_0697_f18076.jpg,frame402-802/600-649_completed/images/frame_0697_f18076.jpg,d20f2d5d37923f0c6ed9980d0b4aca8f09ddecac40bd77d6a459986156ee37dd
frame_0698_f18102.jpg,frame402-802/650-699_completed/images/frame_0698_f18102.jpg,frame402-802/600-649_completed/images/frame_0698_f18102.jpg,d4a432e41d215182d97c72451033a6287695c73d02715ec804f325d07b9fa6a0
frame_0699_f18128.jpg,frame402-802/650-699_completed/images/frame_0699_f18128.jpg,frame402-802/600-649_completed/images/frame_0699_f18128.jpg,1cbb9d1ba32a0c0f0d9d94b0197bc6c1d7d7c0a5843ceddda0169b047b98c631
